{
"meta":{"test_sets":[],"test_metrics":[],"learn_metrics":[{"best_value":"Min","name":"RMSE"}],"launch_mode":"Train","parameters":"","iteration_count":1000,"learn_sets":["learn"],"name":"experiment"},
"iterations":[
{"learn":[0.1799806096],"iteration":0,"passed_time":0.001504823864,"remaining_time":1.50331904},
{"learn":[0.1673580442],"iteration":1,"passed_time":0.003777983101,"remaining_time":1.885213568},
{"learn":[0.1556602765],"iteration":2,"passed_time":0.005301181635,"remaining_time":1.761759363},
{"learn":[0.1441420018],"iteration":3,"passed_time":0.006609237146,"remaining_time":1.645700049},
{"learn":[0.1340997196],"iteration":4,"passed_time":0.007957330873,"remaining_time":1.583508844},
{"learn":[0.1254556775],"iteration":5,"passed_time":0.009862200154,"remaining_time":1.633837825},
{"learn":[0.118213308],"iteration":6,"passed_time":0.01138290599,"remaining_time":1.614746521},
{"learn":[0.1110610715],"iteration":7,"passed_time":0.01267695233,"remaining_time":1.571942089},
{"learn":[0.1047742042],"iteration":8,"passed_time":0.01374468441,"remaining_time":1.513442473},
{"learn":[0.09946585934],"iteration":9,"passed_time":0.01483436627,"remaining_time":1.468602261},
{"learn":[0.09499169931],"iteration":10,"passed_time":0.01607746508,"remaining_time":1.44551027},
{"learn":[0.09083988523],"iteration":11,"passed_time":0.01820750064,"remaining_time":1.499084219},
{"learn":[0.08720623152],"iteration":12,"passed_time":0.01971694305,"remaining_time":1.496970984},
{"learn":[0.08399155616],"iteration":13,"passed_time":0.02089926357,"remaining_time":1.471905277},
{"learn":[0.08109786941],"iteration":14,"passed_time":0.02198038918,"remaining_time":1.443378889},
{"learn":[0.078696223],"iteration":15,"passed_time":0.02308379552,"remaining_time":1.419653425},
{"learn":[0.07665839002],"iteration":16,"passed_time":0.02454974343,"remaining_time":1.419552811},
{"learn":[0.07457823846],"iteration":17,"passed_time":0.0263701349,"remaining_time":1.438637359},
{"learn":[0.07290093687],"iteration":18,"passed_time":0.02770102431,"remaining_time":1.430247624},
{"learn":[0.07162708028],"iteration":19,"passed_time":0.02885042211,"remaining_time":1.413670683},
{"learn":[0.07043504022],"iteration":20,"passed_time":0.02986478688,"remaining_time":1.392267922},
{"learn":[0.06943734066],"iteration":21,"passed_time":0.03102483785,"remaining_time":1.379195064},
{"learn":[0.06867808615],"iteration":22,"passed_time":0.03277333844,"remaining_time":1.39215442},
{"learn":[0.0678253142],"iteration":23,"passed_time":0.03430907837,"remaining_time":1.395235854},
{"learn":[0.06708565437],"iteration":24,"passed_time":0.03581032636,"remaining_time":1.396602728},
{"learn":[0.0664245925],"iteration":25,"passed_time":0.03690304251,"remaining_time":1.382444746},
{"learn":[0.06576341803],"iteration":26,"passed_time":0.03791369639,"remaining_time":1.366297281},
{"learn":[0.065219921],"iteration":27,"passed_time":0.03919988815,"remaining_time":1.360796117},
{"learn":[0.06472222488],"iteration":28,"passed_time":0.04115887078,"remaining_time":1.378112535},
{"learn":[0.06434719065],"iteration":29,"passed_time":0.04251440711,"remaining_time":1.374632496},
{"learn":[0.06393057126],"iteration":30,"passed_time":0.04382119004,"remaining_time":1.369765585},
{"learn":[0.06364886692],"iteration":31,"passed_time":0.0448557124,"remaining_time":1.3568853},
{"learn":[0.06340756124],"iteration":32,"passed_time":0.04592160293,"remaining_time":1.345642122},
{"learn":[0.06309082397],"iteration":33,"passed_time":0.04727498023,"remaining_time":1.343165615},
{"learn":[0.06291189143],"iteration":34,"passed_time":0.04957953772,"remaining_time":1.366978683},
{"learn":[0.06272024523],"iteration":35,"passed_time":0.05099517535,"remaining_time":1.365537473},
{"learn":[0.06256989377],"iteration":36,"passed_time":0.05212244902,"remaining_time":1.356592389},
{"learn":[0.0623645033],"iteration":37,"passed_time":0.05325784613,"remaining_time":1.348264421},
{"learn":[0.06218856747],"iteration":38,"passed_time":0.05437599496,"remaining_time":1.339880286},
{"learn":[0.06199849297],"iteration":39,"passed_time":0.05626821791,"remaining_time":1.35043723},
{"learn":[0.06184439697],"iteration":40,"passed_time":0.05771240544,"remaining_time":1.349907239},
{"learn":[0.06174871389],"iteration":41,"passed_time":0.05901251302,"remaining_time":1.346047321},
{"learn":[0.06160667137],"iteration":42,"passed_time":0.06005470249,"remaining_time":1.336566286},
{"learn":[0.06148771934],"iteration":43,"passed_time":0.06128056651,"remaining_time":1.331459581},
{"learn":[0.0613342883],"iteration":44,"passed_time":0.06245782681,"remaining_time":1.32549388},
{"learn":[0.06123443377],"iteration":45,"passed_time":0.06433560971,"remaining_time":1.334264601},
{"learn":[0.06115436318],"iteration":46,"passed_time":0.06560621922,"remaining_time":1.330270786},
{"learn":[0.06106739203],"iteration":47,"passed_time":0.06687370419,"remaining_time":1.326328466},
{"learn":[0.06097267934],"iteration":48,"passed_time":0.06785126908,"remaining_time":1.316868508},
{"learn":[0.06085911598],"iteration":49,"passed_time":0.06900060786,"remaining_time":1.311011549},
{"learn":[0.06073994435],"iteration":50,"passed_time":0.07021049656,"remaining_time":1.306465907},
{"learn":[0.06066460945],"iteration":51,"passed_time":0.07161059553,"remaining_time":1.305516242},
{"learn":[0.06056364843],"iteration":52,"passed_time":0.07265632075,"remaining_time":1.298217656},
{"learn":[0.06046243053],"iteration":53,"passed_time":0.07371023847,"remaining_time":1.291294178},
{"learn":[0.06034960832],"iteration":54,"passed_time":0.07484475029,"remaining_time":1.285968891},
{"learn":[0.06030984431],"iteration":55,"passed_time":0.07585154825,"remaining_time":1.278640385},
{"learn":[0.06024009406],"iteration":56,"passed_time":0.0770256134,"remaining_time":1.274300938},
{"learn":[0.06013117252],"iteration":57,"passed_time":0.07845737101,"remaining_time":1.274255922},
{"learn":[0.06006702298],"iteration":58,"passed_time":0.07981235997,"remaining_time":1.272939504},
{"learn":[0.05999119702],"iteration":59,"passed_time":0.08080768851,"remaining_time":1.26598712},
{"learn":[0.05991616072],"iteration":60,"passed_time":0.08208373242,"remaining_time":1.263551225},
{"learn":[0.05987071689],"iteration":61,"passed_time":0.08303596107,"remaining_time":1.256253734},
{"learn":[0.05981007596],"iteration":62,"passed_time":0.08426036852,"remaining_time":1.253205798},
{"learn":[0.05966102317],"iteration":63,"passed_time":0.08545766374,"remaining_time":1.249818332},
{"learn":[0.05957912915],"iteration":64,"passed_time":0.08693829587,"remaining_time":1.250573948},
{"learn":[0.05950240455],"iteration":65,"passed_time":0.08800331693,"remaining_time":1.245380273},
{"learn":[0.05947430698],"iteration":66,"passed_time":0.0890265801,"remaining_time":1.239728347},
{"learn":[0.05942954203],"iteration":67,"passed_time":0.09023100547,"remaining_time":1.236695546},
{"learn":[0.05937957369],"iteration":68,"passed_time":0.09119349576,"remaining_time":1.23045137},
{"learn":[0.05930256383],"iteration":69,"passed_time":0.09232226073,"remaining_time":1.226567178},
{"learn":[0.05922228682],"iteration":70,"passed_time":0.09359557394,"remaining_time":1.224651946},
{"learn":[0.05917256265],"iteration":71,"passed_time":0.09499704733,"remaining_time":1.224406388},
{"learn":[0.05911768679],"iteration":72,"passed_time":0.09603847687,"remaining_time":1.219557097},
{"learn":[0.0590899039],"iteration":73,"passed_time":0.09712081951,"remaining_time":1.215322687},
{"learn":[0.05901556274],"iteration":74,"passed_time":0.09831561548,"remaining_time":1.212559258},
{"learn":[0.05895757904],"iteration":75,"passed_time":0.09931059337,"remaining_time":1.20740774},
{"learn":[0.0589070681],"iteration":76,"passed_time":0.1005118541,"remaining_time":1.2048369},
{"learn":[0.05886659192],"iteration":77,"passed_time":0.1020228109,"remaining_time":1.205961945},
{"learn":[0.05874748616],"iteration":78,"passed_time":0.1032418445,"remaining_time":1.203616947},
{"learn":[0.05870923597],"iteration":79,"passed_time":0.1041690583,"remaining_time":1.19794417},
{"learn":[0.05864709378],"iteration":80,"passed_time":0.1054418808,"remaining_time":1.196309734},
{"learn":[0.05861784119],"iteration":81,"passed_time":0.1064683457,"remaining_time":1.191926114},
{"learn":[0.05854407477],"iteration":82,"passed_time":0.1075289083,"remaining_time":1.188000107},
{"learn":[0.05845768431],"iteration":83,"passed_time":0.108749243,"remaining_time":1.185884602},
{"learn":[0.0584280291],"iteration":84,"passed_time":0.1103569271,"remaining_time":1.187959862},
{"learn":[0.05831512502],"iteration":85,"passed_time":0.111473276,"remaining_time":1.184727608},
{"learn":[0.05826652125],"iteration":86,"passed_time":0.1127079964,"remaining_time":1.182786215},
{"learn":[0.05821014029],"iteration":87,"passed_time":0.1137390478,"remaining_time":1.178750132},
{"learn":[0.05813821824],"iteration":88,"passed_time":0.1148902868,"remaining_time":1.176011812},
{"learn":[0.05811095708],"iteration":89,"passed_time":0.1159589655,"remaining_time":1.172473984},
{"learn":[0.05808888642],"iteration":90,"passed_time":0.1172620568,"remaining_time":1.171331974},
{"learn":[0.0580501806],"iteration":91,"passed_time":0.1187212649,"remaining_time":1.171727267},
{"learn":[0.05802932904],"iteration":92,"passed_time":0.1197721032,"remaining_time":1.168099974},
{"learn":[0.05796774586],"iteration":93,"passed_time":0.1209728856,"remaining_time":1.165972706},
{"learn":[0.05792946109],"iteration":94,"passed_time":0.1219930204,"remaining_time":1.162144036},
{"learn":[0.05786646854],"iteration":95,"passed_time":0.1230719831,"remaining_time":1.158927841},
{"learn":[0.05782647388],"iteration":96,"passed_time":0.1242524327,"remaining_time":1.156700482},
{"learn":[0.05777567047],"iteration":97,"passed_time":0.126259734,"remaining_time":1.162104899},
{"learn":[0.05770384494],"iteration":98,"passed_time":0.127523093,"remaining_time":1.160588958},
{"learn":[0.0576677123],"iteration":99,"passed_time":0.1289788109,"remaining_time":1.160809298},
{"learn":[0.0576262414],"iteration":100,"passed_time":0.1299991309,"remaining_time":1.157120977},
{"learn":[0.05759077135],"iteration":101,"passed_time":0.13110651,"remaining_time":1.154251431},
{"learn":[0.05753700322],"iteration":102,"passed_time":0.1322286347,"remaining_time":1.151544518},
{"learn":[0.05736015883],"iteration":103,"passed_time":0.1342514886,"remaining_time":1.156628209},
{"learn":[0.05732640987],"iteration":104,"passed_time":0.1355556762,"remaining_time":1.155450764},
{"learn":[0.0572381085],"iteration":105,"passed_time":0.1367747522,"remaining_time":1.153553099},
{"learn":[0.05719041807],"iteration":106,"passed_time":0.1379623035,"remaining_time":1.151405019},
{"learn":[0.05710071552],"iteration":107,"passed_time":0.1390078952,"remaining_time":1.148102246},
{"learn":[0.05705854312],"iteration":108,"passed_time":0.1403525809,"remaining_time":1.147285776},
{"learn":[0.05700595461],"iteration":109,"passed_time":0.1427258311,"remaining_time":1.154781724},
{"learn":[0.05692913451],"iteration":110,"passed_time":0.1441165217,"remaining_time":1.15423052},
{"learn":[0.05690695268],"iteration":111,"passed_time":0.1453114391,"remaining_time":1.152112125},
{"learn":[0.05681655331],"iteration":112,"passed_time":0.1464580372,"remaining_time":1.149630787},
{"learn":[0.0567766659],"iteration":113,"passed_time":0.1475841305,"remaining_time":1.147013505},
{"learn":[0.05673759435],"iteration":114,"passed_time":0.1491451364,"remaining_time":1.147769093},
{"learn":[0.05668875098],"iteration":115,"passed_time":0.1507399454,"remaining_time":1.148742343},
{"learn":[0.05654894758],"iteration":116,"passed_time":0.1520704884,"remaining_time":1.147677276},
{"learn":[0.05649336081],"iteration":117,"passed_time":0.1531178901,"remaining_time":1.144491348},
{"learn":[0.05648099145],"iteration":118,"passed_time":0.1541505385,"remaining_time":1.141232138},
{"learn":[0.05640903109],"iteration":119,"passed_time":0.1552776872,"remaining_time":1.138703039},
{"learn":[0.05638494591],"iteration":120,"passed_time":0.1567332952,"remaining_time":1.138583194},
{"learn":[0.0563230088],"iteration":121,"passed_time":0.1584286988,"remaining_time":1.140167193},
{"learn":[0.0562713865],"iteration":122,"passed_time":0.1597197587,"remaining_time":1.138814865},
{"learn":[0.05617104738],"iteration":123,"passed_time":0.1607640983,"remaining_time":1.135720566},
{"learn":[0.05615986927],"iteration":124,"passed_time":0.1618895621,"remaining_time":1.133226935},
{"learn":[0.05611910774],"iteration":125,"passed_time":0.1629476231,"remaining_time":1.130287481},
{"learn":[0.05597271658],"iteration":126,"passed_time":0.1644713567,"remaining_time":1.130578696},
{"learn":[0.05586849154],"iteration":127,"passed_time":0.1660863159,"remaining_time":1.131463027},
{"learn":[0.05574175778],"iteration":128,"passed_time":0.1674372769,"remaining_time":1.13052611},
{"learn":[0.05570738001],"iteration":129,"passed_time":0.1685503952,"remaining_time":1.127991106},
{"learn":[0.05566812151],"iteration":130,"passed_time":0.1695787876,"remaining_time":1.124915775},
{"learn":[0.05562395189],"iteration":131,"passed_time":0.1708423021,"remaining_time":1.123417562},
{"learn":[0.05560081561],"iteration":132,"passed_time":0.1726507323,"remaining_time":1.125475075},
{"learn":[0.05553705507],"iteration":133,"passed_time":0.1744099251,"remaining_time":1.12715668},
{"learn":[0.05546087282],"iteration":134,"passed_time":0.1757880407,"remaining_time":1.126345594},
{"learn":[0.05542440679],"iteration":135,"passed_time":0.1768437483,"remaining_time":1.12347793},
{"learn":[0.05535760355],"iteration":136,"passed_time":0.1779616448,"remaining_time":1.121028463},
{"learn":[0.05524048101],"iteration":137,"passed_time":0.1793452728,"remaining_time":1.120258153},
{"learn":[0.05518995979],"iteration":138,"passed_time":0.181248483,"remaining_time":1.122697438},
{"learn":[0.05517907887],"iteration":139,"passed_time":0.1826378987,"remaining_time":1.121918521},
{"learn":[0.05506760665],"iteration":140,"passed_time":0.1838047419,"remaining_time":1.119774988},
{"learn":[0.05498829583],"iteration":141,"passed_time":0.1850323518,"remaining_time":1.118012379},
{"learn":[0.0549359047],"iteration":142,"passed_time":0.1864190781,"remaining_time":1.117210839},
{"learn":[0.05492227288],"iteration":143,"passed_time":0.1882727919,"remaining_time":1.119177152},
{"learn":[0.05489809308],"iteration":144,"passed_time":0.1902203889,"remaining_time":1.121644362},
{"learn":[0.05481860196],"iteration":145,"passed_time":0.1918591799,"remaining_time":1.122244792},
{"learn":[0.05470761958],"iteration":146,"passed_time":0.1931008696,"remaining_time":1.120510488},
{"learn":[0.05467018038],"iteration":147,"passed_time":0.1943995908,"remaining_time":1.119111158},
{"learn":[0.05463348566],"iteration":148,"passed_time":0.1960525357,"remaining_time":1.119736295},
{"learn":[0.05454712952],"iteration":149,"passed_time":0.1973284111,"remaining_time":1.118194329},
{"learn":[0.0544832558],"iteration":150,"passed_time":0.1990775906,"remaining_time":1.119317049},
{"learn":[0.0544434128],"iteration":151,"passed_time":0.2003727197,"remaining_time":1.117868857},
{"learn":[0.05439930063],"iteration":152,"passed_time":0.2016431475,"remaining_time":1.116285921},
{"learn":[0.05438598818],"iteration":153,"passed_time":0.2035494182,"remaining_time":1.118200051},
{"learn":[0.05434316111],"iteration":154,"passed_time":0.2055274143,"remaining_time":1.120455904},
{"learn":[0.05432557688],"iteration":155,"passed_time":0.206741427,"remaining_time":1.118524131},
{"learn":[0.05429672529],"iteration":156,"passed_time":0.2080805606,"remaining_time":1.117273329},
{"learn":[0.05423807054],"iteration":157,"passed_time":0.2094129059,"remaining_time":1.115985232},
{"learn":[0.0541720165],"iteration":158,"passed_time":0.2109746779,"remaining_time":1.115910089},
{"learn":[0.05414454617],"iteration":159,"passed_time":0.2129030674,"remaining_time":1.117741104},
{"learn":[0.05407166131],"iteration":160,"passed_time":0.2141987165,"remaining_time":1.116228094},
{"learn":[0.0540284199],"iteration":161,"passed_time":0.215604653,"remaining_time":1.115288267},
{"learn":[0.05401558213],"iteration":162,"passed_time":0.2170231281,"remaining_time":1.114407106},
{"learn":[0.0539686458],"iteration":163,"passed_time":0.2187567003,"remaining_time":1.115125619},
{"learn":[0.05396387556],"iteration":164,"passed_time":0.2206613235,"remaining_time":1.116680031},
{"learn":[0.05393845716],"iteration":165,"passed_time":0.2220099121,"remaining_time":1.115399197},
{"learn":[0.05384646142],"iteration":166,"passed_time":0.2235252009,"remaining_time":1.114949056},
{"learn":[0.05381343624],"iteration":167,"passed_time":0.2245903524,"remaining_time":1.112256983},
{"learn":[0.05378943623],"iteration":168,"passed_time":0.2258657274,"remaining_time":1.110617867},
{"learn":[0.05370643337],"iteration":169,"passed_time":0.2275253758,"remaining_time":1.110859188},
{"learn":[0.05369754048],"iteration":170,"passed_time":0.2290529364,"remaining_time":1.11043792},
{"learn":[0.05367145102],"iteration":171,"passed_time":0.2303315675,"remaining_time":1.108805453},
{"learn":[0.05366338346],"iteration":172,"passed_time":0.2313314814,"remaining_time":1.105844712},
{"learn":[0.05361903881],"iteration":173,"passed_time":0.2324147444,"remaining_time":1.103302178},
{"learn":[0.05359011086],"iteration":174,"passed_time":0.2336533979,"remaining_time":1.101508876},
{"learn":[0.05356089954],"iteration":175,"passed_time":0.2360920831,"remaining_time":1.105340207},
{"learn":[0.0535054722],"iteration":176,"passed_time":0.2375025463,"remaining_time":1.104319749},
{"learn":[0.05342891428],"iteration":177,"passed_time":0.2387448011,"remaining_time":1.102518126},
{"learn":[0.05341117202],"iteration":178,"passed_time":0.2397466252,"remaining_time":1.099619996},
{"learn":[0.05334126123],"iteration":179,"passed_time":0.2410286733,"remaining_time":1.098019512},
{"learn":[0.05331947754],"iteration":180,"passed_time":0.2423509405,"remaining_time":1.096604532},
{"learn":[0.05325727827],"iteration":181,"passed_time":0.2435947352,"remaining_time":1.094837876},
{"learn":[0.05322140397],"iteration":182,"passed_time":0.244796441,"remaining_time":1.092889029},
{"learn":[0.05321124298],"iteration":183,"passed_time":0.2458533209,"remaining_time":1.090306032},
{"learn":[0.0531499041],"iteration":184,"passed_time":0.2469531248,"remaining_time":1.087928631},
{"learn":[0.05312338868],"iteration":185,"passed_time":0.248031934,"remaining_time":1.085473087},
{"learn":[0.0530659744],"iteration":186,"passed_time":0.2493178264,"remaining_time":1.083932582},
{"learn":[0.05303006439],"iteration":187,"passed_time":0.2507519579,"remaining_time":1.083035052},
{"learn":[0.05297243166],"iteration":188,"passed_time":0.2518348136,"remaining_time":1.080624517},
{"learn":[0.05293401705],"iteration":189,"passed_time":0.2529714258,"remaining_time":1.078457131},
{"learn":[0.05291685745],"iteration":190,"passed_time":0.2541032019,"remaining_time":1.076280054},
{"learn":[0.05286465336],"iteration":191,"passed_time":0.2551512362,"remaining_time":1.073761452},
{"learn":[0.05279560741],"iteration":192,"passed_time":0.2562058066,"remaining_time":1.071285419},
{"learn":[0.05276301095],"iteration":193,"passed_time":0.2576678345,"remaining_time":1.070516879},
{"learn":[0.0527349214],"iteration":194,"passed_time":0.2594112911,"remaining_time":1.070903022},
{"learn":[0.05268112216],"iteration":195,"passed_time":0.2607990558,"remaining_time":1.069808372},
{"learn":[0.05262541914],"iteration":196,"passed_time":0.2619759654,"remaining_time":1.06785127},
{"learn":[0.0525845396],"iteration":197,"passed_time":0.2630839626,"remaining_time":1.065622919},
{"learn":[0.05257090232],"iteration":198,"passed_time":0.2640505387,"remaining_time":1.06283659},
{"learn":[0.05256006403],"iteration":199,"passed_time":0.265405972,"remaining_time":1.061623888},
{"learn":[0.05252414808],"iteration":200,"passed_time":0.2667501898,"remaining_time":1.060365182},
{"learn":[0.05248912365],"iteration":201,"passed_time":0.2679962114,"remaining_time":1.058717706},
{"learn":[0.05248320786],"iteration":202,"passed_time":0.2690792646,"remaining_time":1.056434354},
{"learn":[0.05245112528],"iteration":203,"passed_time":0.2701478545,"remaining_time":1.054106334},
{"learn":[0.05240201796],"iteration":204,"passed_time":0.2712138562,"remaining_time":1.051780564},
{"learn":[0.05235736233],"iteration":205,"passed_time":0.2723763161,"remaining_time":1.049838811},
{"learn":[0.05232409419],"iteration":206,"passed_time":0.2739913903,"remaining_time":1.049638515},
{"learn":[0.05228187596],"iteration":207,"passed_time":0.2751087218,"remaining_time":1.047529364},
{"learn":[0.05223566493],"iteration":208,"passed_time":0.2762418526,"remaining_time":1.0454895},
{"learn":[0.0521884004],"iteration":209,"passed_time":0.277316154,"remaining_time":1.04323696},
{"learn":[0.05214664837],"iteration":210,"passed_time":0.278354192,"remaining_time":1.040859988},
{"learn":[0.05213374541],"iteration":211,"passed_time":0.2794367036,"remaining_time":1.038660955},
{"learn":[0.05208659991],"iteration":212,"passed_time":0.2811442961,"remaining_time":1.038781977},
{"learn":[0.05207838103],"iteration":213,"passed_time":0.2827170816,"remaining_time":1.038390777},
{"learn":[0.05201210907],"iteration":214,"passed_time":0.2840593008,"remaining_time":1.03714675},
{"learn":[0.05198075635],"iteration":215,"passed_time":0.2850964208,"remaining_time":1.034794416},
{"learn":[0.05196636695],"iteration":216,"passed_time":0.2861762545,"remaining_time":1.032608329},
{"learn":[0.05194838491],"iteration":217,"passed_time":0.2872424537,"remaining_time":1.030383481},
{"learn":[0.05190604759],"iteration":218,"passed_time":0.2887723669,"remaining_time":1.029822916},
{"learn":[0.05186928419],"iteration":219,"passed_time":0.290407792,"remaining_time":1.029627626},
{"learn":[0.05185943536],"iteration":220,"passed_time":0.2916810515,"remaining_time":1.028142711},
{"learn":[0.05182774159],"iteration":221,"passed_time":0.2927312156,"remaining_time":1.025877864},
{"learn":[0.05181340522],"iteration":222,"passed_time":0.2938444287,"remaining_time":1.023843593},
{"learn":[0.05176843405],"iteration":223,"passed_time":0.294884573,"remaining_time":1.021564414},
{"learn":[0.05170393555],"iteration":224,"passed_time":0.2963690877,"remaining_time":1.020826857},
{"learn":[0.05168871291],"iteration":225,"passed_time":0.2985812665,"remaining_time":1.02257478},
{"learn":[0.05165508709],"iteration":226,"passed_time":0.299917031,"remaining_time":1.02130337},
{"learn":[0.05164829693],"iteration":227,"passed_time":0.30103409,"remaining_time":1.019290866},
{"learn":[0.05162835757],"iteration":228,"passed_time":0.3021096223,"remaining_time":1.01714637},
{"learn":[0.05160708749],"iteration":229,"passed_time":0.3032471245,"remaining_time":1.015218634},
{"learn":[0.05159342603],"iteration":230,"passed_time":0.3046225997,"remaining_time":1.014089953},
{"learn":[0.05158282762],"iteration":231,"passed_time":0.3062770872,"remaining_time":1.013882771},
{"learn":[0.05157152781],"iteration":232,"passed_time":0.3075506399,"remaining_time":1.012409188},
{"learn":[0.05154289149],"iteration":233,"passed_time":0.3085885005,"remaining_time":1.010165775},
{"learn":[0.0515365577],"iteration":234,"passed_time":0.3095865667,"remaining_time":1.007803079},
{"learn":[0.05151322593],"iteration":235,"passed_time":0.3106129876,"remaining_time":1.00554374},
{"learn":[0.0514932076],"iteration":236,"passed_time":0.3120375457,"remaining_time":1.004576571},
{"learn":[0.05145121957],"iteration":237,"passed_time":0.3137443987,"remaining_time":1.004509377},
{"learn":[0.05141876984],"iteration":238,"passed_time":0.3150325003,"remaining_time":1.003095116},
{"learn":[0.05141282431],"iteration":239,"passed_time":0.3160973354,"remaining_time":1.000974895},
{"learn":[0.05135908355],"iteration":240,"passed_time":0.3171794497,"remaining_time":0.9989178519},
{"learn":[0.05134837872],"iteration":241,"passed_time":0.3182405963,"remaining_time":0.99680319},
{"learn":[0.05133072658],"iteration":242,"passed_time":0.3196638868,"remaining_time":0.9958253592},
{"learn":[0.0513251807],"iteration":243,"passed_time":0.3209299097,"remaining_time":0.9943566056},
{"learn":[0.05131319559],"iteration":244,"passed_time":0.3220367697,"remaining_time":0.9923990249},
{"learn":[0.05126283867],"iteration":245,"passed_time":0.3230870891,"remaining_time":0.9902750618},
{"learn":[0.05122526195],"iteration":246,"passed_time":0.3241969733,"remaining_time":0.9883413803},
{"learn":[0.05120959615],"iteration":247,"passed_time":0.3252185292,"remaining_time":0.9861465079},
{"learn":[0.05119215853],"iteration":248,"passed_time":0.3263502305,"remaining_time":0.9842932654},
{"learn":[0.05116702141],"iteration":249,"passed_time":0.3280865017,"remaining_time":0.9842595052},
{"learn":[0.05113889089],"iteration":250,"passed_time":0.3295922703,"remaining_time":0.9835243444},
{"learn":[0.05112407171],"iteration":251,"passed_time":0.3308847196,"remaining_time":0.9821498821},
{"learn":[0.05111555043],"iteration":252,"passed_time":0.3321223312,"remaining_time":0.9806141557},
{"learn":[0.05109615444],"iteration":253,"passed_time":0.3334685749,"remaining_time":0.9793998301},
{"learn":[0.0510743602],"iteration":254,"passed_time":0.3346179866,"remaining_time":0.9776094117},
{"learn":[0.05099760032],"iteration":255,"passed_time":0.3359485176,"remaining_time":0.9763503793},
{"learn":[0.0509616991],"iteration":256,"passed_time":0.3373283726,"remaining_time":0.9752333885},
{"learn":[0.05093571643],"iteration":257,"passed_time":0.3383695205,"remaining_time":0.973140249},
{"learn":[0.05093087449],"iteration":258,"passed_time":0.33943295,"remaining_time":0.9711189805},
{"learn":[0.05092457996],"iteration":259,"passed_time":0.3404924572,"remaining_time":0.9690939166},
{"learn":[0.05091984739],"iteration":260,"passed_time":0.3415060921,"remaining_time":0.9669463681},
{"learn":[0.05090126205],"iteration":261,"passed_time":0.3427366272,"remaining_time":0.9654184383},
{"learn":[0.0508794655],"iteration":262,"passed_time":0.3440617909,"remaining_time":0.9641579464},
{"learn":[0.05084048004],"iteration":263,"passed_time":0.3452475184,"remaining_time":0.962508233},
{"learn":[0.05080476157],"iteration":264,"passed_time":0.3462772096,"remaining_time":0.9604292418},
{"learn":[0.05079125007],"iteration":265,"passed_time":0.347440509,"remaining_time":0.958726818},
{"learn":[0.05076567995],"iteration":266,"passed_time":0.3484501553,"remaining_time":0.9566066061},
{"learn":[0.05074110704],"iteration":267,"passed_time":0.3495602898,"remaining_time":0.9547691499},
{"learn":[0.05073587074],"iteration":268,"passed_time":0.3507097243,"remaining_time":0.9530438976},
{"learn":[0.05072549107],"iteration":269,"passed_time":0.3527267661,"remaining_time":0.9536686638},
{"learn":[0.05071013827],"iteration":270,"passed_time":0.3539182103,"remaining_time":0.9520530454},
{"learn":[0.05068843337],"iteration":271,"passed_time":0.3551617812,"remaining_time":0.9505800616},
{"learn":[0.05067723542],"iteration":272,"passed_time":0.3561708219,"remaining_time":0.9484842035},
{"learn":[0.05066269895],"iteration":273,"passed_time":0.3572845204,"remaining_time":0.9466735832},
{"learn":[0.05064864619],"iteration":274,"passed_time":0.3584239779,"remaining_time":0.9449359417},
{"learn":[0.05063016895],"iteration":275,"passed_time":0.3601084356,"remaining_time":0.9446322731},
{"learn":[0.05061069056],"iteration":276,"passed_time":0.3611890196,"remaining_time":0.9427424592},
{"learn":[0.05056768126],"iteration":277,"passed_time":0.3623682607,"remaining_time":0.9411146915},
{"learn":[0.05056481228],"iteration":278,"passed_time":0.3634224855,"remaining_time":0.9391670683},
{"learn":[0.05055888711],"iteration":279,"passed_time":0.3645116126,"remaining_time":0.9373155754},
{"learn":[0.05051095357],"iteration":280,"passed_time":0.3655237586,"remaining_time":0.9352725354},
{"learn":[0.05049275194],"iteration":281,"passed_time":0.3669296553,"remaining_time":0.9342393352},
{"learn":[0.05044899209],"iteration":282,"passed_time":0.3682204225,"remaining_time":0.9329118124},
{"learn":[0.05041729996],"iteration":283,"passed_time":0.3692388221,"remaining_time":0.9308978755},
{"learn":[0.050385451],"iteration":284,"passed_time":0.3704104582,"remaining_time":0.9292753601},
{"learn":[0.05035697056],"iteration":285,"passed_time":0.3715099415,"remaining_time":0.927475868},
{"learn":[0.05032275764],"iteration":286,"passed_time":0.3725685214,"remaining_time":0.9255796368},
{"learn":[0.05031080685],"iteration":287,"passed_time":0.3736201127,"remaining_time":0.9236719452},
{"learn":[0.05028380901],"iteration":288,"passed_time":0.3748954595,"remaining_time":0.9223206634},
{"learn":[0.05023734928],"iteration":289,"passed_time":0.3760665915,"remaining_time":0.9207147584},
{"learn":[0.05020258084],"iteration":290,"passed_time":0.3771396542,"remaining_time":0.9188729032},
{"learn":[0.05019119091],"iteration":291,"passed_time":0.3782167445,"remaining_time":0.9170460791},
{"learn":[0.05014424551],"iteration":292,"passed_time":0.3792798033,"remaining_time":0.915190515},
{"learn":[0.05012059206],"iteration":293,"passed_time":0.3804011249,"remaining_time":0.9134802522},
{"learn":[0.05010784582],"iteration":294,"passed_time":0.3814966901,"remaining_time":0.9117124289},
{"learn":[0.05009588663],"iteration":295,"passed_time":0.382690548,"remaining_time":0.9101829249},
{"learn":[0.05008554175],"iteration":296,"passed_time":0.3838592713,"remaining_time":0.9085961876},
{"learn":[0.05005278758],"iteration":297,"passed_time":0.3849007332,"remaining_time":0.9067124655},
{"learn":[0.05004895248],"iteration":298,"passed_time":0.3860017695,"remaining_time":0.9049740483},
{"learn":[0.05002254942],"iteration":299,"passed_time":0.3873050676,"remaining_time":0.9037118245},
{"learn":[0.05000350972],"iteration":300,"passed_time":0.3883564726,"remaining_time":0.9018643666},
{"learn":[0.04999291423],"iteration":301,"passed_time":0.3896429568,"remaining_time":0.9005655093},
{"learn":[0.0499778233],"iteration":302,"passed_time":0.3910917864,"remaining_time":0.8996401818},
{"learn":[0.04995669877],"iteration":303,"passed_time":0.39282782,"remaining_time":0.8993689563},
{"learn":[0.04993127766],"iteration":304,"passed_time":0.3938151925,"remaining_time":0.89738216},
{"learn":[0.04992078151],"iteration":305,"passed_time":0.394901307,"remaining_time":0.89562584},
{"learn":[0.04989343985],"iteration":306,"passed_time":0.3961168943,"remaining_time":0.8941661491},
{"learn":[0.0498494137],"iteration":307,"passed_time":0.3972531486,"remaining_time":0.8925298013},
{"learn":[0.04983184969],"iteration":308,"passed_time":0.3985276024,"remaining_time":0.8912057388},
{"learn":[0.04981979267],"iteration":309,"passed_time":0.3995991202,"remaining_time":0.8894302999},
{"learn":[0.04981451537],"iteration":310,"passed_time":0.4006758121,"remaining_time":0.8876708505},
{"learn":[0.04980443617],"iteration":311,"passed_time":0.4017434169,"remaining_time":0.8858957397},
{"learn":[0.04977813203],"iteration":312,"passed_time":0.4028208204,"remaining_time":0.8841466569},
{"learn":[0.04976672596],"iteration":313,"passed_time":0.4038876398,"remaining_time":0.882378729},
{"learn":[0.04975824092],"iteration":314,"passed_time":0.405044638,"remaining_time":0.8808113556},
{"learn":[0.04971437201],"iteration":315,"passed_time":0.4063162809,"remaining_time":0.8794947346},
{"learn":[0.04968449142],"iteration":316,"passed_time":0.4074975827,"remaining_time":0.8779837506},
{"learn":[0.04964375506],"iteration":317,"passed_time":0.4084502912,"remaining_time":0.8759845867},
{"learn":[0.0496002028],"iteration":318,"passed_time":0.4097000526,"remaining_time":0.8746261311},
{"learn":[0.04958777827],"iteration":319,"passed_time":0.410676932,"remaining_time":0.8726884806},
{"learn":[0.04957523032],"iteration":320,"passed_time":0.4117625763,"remaining_time":0.8709868825},
{"learn":[0.04956121448],"iteration":321,"passed_time":0.4129612907,"remaining_time":0.8695271897},
{"learn":[0.04954781053],"iteration":322,"passed_time":0.4144244307,"remaining_time":0.8686233424},
{"learn":[0.04951407804],"iteration":323,"passed_time":0.4157977642,"remaining_time":0.8675286686},
{"learn":[0.04950181149],"iteration":324,"passed_time":0.4168686278,"remaining_time":0.8658040732},
{"learn":[0.0494844124],"iteration":325,"passed_time":0.4179583891,"remaining_time":0.8641225592},
{"learn":[0.04945618711],"iteration":326,"passed_time":0.4189928066,"remaining_time":0.8623307609},
{"learn":[0.04943706145],"iteration":327,"passed_time":0.4200634163,"remaining_time":0.860617731},
{"learn":[0.04942171105],"iteration":328,"passed_time":0.4213032741,"remaining_time":0.85925379},
{"learn":[0.04937795744],"iteration":329,"passed_time":0.422898936,"remaining_time":0.8586129912},
{"learn":[0.04935289857],"iteration":330,"passed_time":0.4241420005,"remaining_time":0.8572537713},
{"learn":[0.04933635047],"iteration":331,"passed_time":0.4253268314,"remaining_time":0.8557780825},
{"learn":[0.04931747376],"iteration":332,"passed_time":0.4263742262,"remaining_time":0.8540288554},
{"learn":[0.04929153666],"iteration":333,"passed_time":0.4274587328,"remaining_time":0.8523578325},
{"learn":[0.04925343541],"iteration":334,"passed_time":0.4286044475,"remaining_time":0.8508118137},
{"learn":[0.04924262374],"iteration":335,"passed_time":0.4299819895,"remaining_time":0.8497263127},
{"learn":[0.04922901728],"iteration":336,"passed_time":0.4312766006,"remaining_time":0.8484759235},
{"learn":[0.04920941561],"iteration":337,"passed_time":0.4323005851,"remaining_time":0.8466952289},
{"learn":[0.04918943622],"iteration":338,"passed_time":0.4334152553,"remaining_time":0.8450958223},
{"learn":[0.04917692079],"iteration":339,"passed_time":0.4344895065,"remaining_time":0.8434208068},
{"learn":[0.04914692704],"iteration":340,"passed_time":0.4356537374,"remaining_time":0.8419232052},
{"learn":[0.04908238811],"iteration":341,"passed_time":0.4370709435,"remaining_time":0.8409142714},
{"learn":[0.04906153038],"iteration":342,"passed_time":0.4382972735,"remaining_time":0.8395373431},
{"learn":[0.04905357476],"iteration":343,"passed_time":0.4394951547,"remaining_time":0.8381070392},
{"learn":[0.04904394009],"iteration":344,"passed_time":0.4405756295,"remaining_time":0.8364551807},
{"learn":[0.04901767301],"iteration":345,"passed_time":0.4416672355,"remaining_time":0.8348276648},
{"learn":[0.04896662095],"iteration":346,"passed_time":0.4427687525,"remaining_time":0.8332218886},
{"learn":[0.04895398935],"iteration":347,"passed_time":0.443916733,"remaining_time":0.831706063},
{"learn":[0.04893973819],"iteration":348,"passed_time":0.4452303182,"remaining_time":0.8305012526},
{"learn":[0.04892490988],"iteration":349,"passed_time":0.4464687194,"remaining_time":0.8291561932},
{"learn":[0.04891074704],"iteration":350,"passed_time":0.4475116869,"remaining_time":0.8274503841},
{"learn":[0.04884929069],"iteration":351,"passed_time":0.4487158812,"remaining_time":0.826045145},
{"learn":[0.04884164741],"iteration":352,"passed_time":0.4498426631,"remaining_time":0.8244991586},
{"learn":[0.04881033675],"iteration":353,"passed_time":0.4508727964,"remaining_time":0.8227791708},
{"learn":[0.04879004813],"iteration":354,"passed_time":0.4519332988,"remaining_time":0.8211182471},
{"learn":[0.04877764138],"iteration":355,"passed_time":0.4533798494,"remaining_time":0.8201590535},
{"learn":[0.04877507404],"iteration":356,"passed_time":0.4545283237,"remaining_time":0.8186602582},
{"learn":[0.04876777274],"iteration":357,"passed_time":0.4555698775,"remaining_time":0.8169716798},
{"learn":[0.04874903578],"iteration":358,"passed_time":0.4567805882,"remaining_time":0.8155887383},
{"learn":[0.04873758921],"iteration":359,"passed_time":0.4578547631,"remaining_time":0.8139640232},
{"learn":[0.04870464474],"iteration":360,"passed_time":0.4589332174,"remaining_time":0.8123499332},
{"learn":[0.04869518756],"iteration":361,"passed_time":0.4602084003,"remaining_time":0.8110855232},
{"learn":[0.04869257817],"iteration":362,"passed_time":0.4614993923,"remaining_time":0.8098487958},
{"learn":[0.0486756282],"iteration":363,"passed_time":0.4625389934,"remaining_time":0.8081725269},
{"learn":[0.04866414014],"iteration":364,"passed_time":0.4641407061,"remaining_time":0.8074776667},
{"learn":[0.04866195418],"iteration":365,"passed_time":0.4653874926,"remaining_time":0.8061630337},
{"learn":[0.04860049426],"iteration":366,"passed_time":0.4665215053,"remaining_time":0.8046542585},
{"learn":[0.04859268127],"iteration":367,"passed_time":0.4677850672,"remaining_time":0.8033700067},
{"learn":[0.0485507783],"iteration":368,"passed_time":0.4691138381,"remaining_time":0.8021973763},
{"learn":[0.04853746328],"iteration":369,"passed_time":0.4702946465,"remaining_time":0.8007719657},
{"learn":[0.0485303591],"iteration":370,"passed_time":0.4714762723,"remaining_time":0.7993492595},
{"learn":[0.04850965781],"iteration":371,"passed_time":0.4727490389,"remaining_time":0.7980817108},
{"learn":[0.04848870331],"iteration":372,"passed_time":0.4740931683,"remaining_time":0.7969340926},
{"learn":[0.04848522648],"iteration":373,"passed_time":0.4754411089,"remaining_time":0.7957918026},
{"learn":[0.04846452542],"iteration":374,"passed_time":0.4768041249,"remaining_time":0.7946735414},
{"learn":[0.04845750206],"iteration":375,"passed_time":0.4783093746,"remaining_time":0.7937900259},
{"learn":[0.0484388902],"iteration":376,"passed_time":0.4797475117,"remaining_time":0.7927923071},
{"learn":[0.04843260981],"iteration":377,"passed_time":0.4813014515,"remaining_time":0.7919828118},
{"learn":[0.04842470326],"iteration":378,"passed_time":0.4827146991,"remaining_time":0.7909388605},
{"learn":[0.04838699652],"iteration":379,"passed_time":0.4842109841,"remaining_time":0.7900284477},
{"learn":[0.04838141211],"iteration":380,"passed_time":0.4854732402,"remaining_time":0.7887347394},
{"learn":[0.04835468647],"iteration":381,"passed_time":0.4865751495,"remaining_time":0.7871817863},
{"learn":[0.04833704027],"iteration":382,"passed_time":0.4876483491,"remaining_time":0.7855849384},
{"learn":[0.04833509223],"iteration":383,"passed_time":0.488691736,"remaining_time":0.7839429931},
{"learn":[0.04829356766],"iteration":384,"passed_time":0.4897109511,"remaining_time":0.7822655453},
{"learn":[0.04828747828],"iteration":385,"passed_time":0.4909164018,"remaining_time":0.7808877479},
{"learn":[0.04828463395],"iteration":386,"passed_time":0.4921369194,"remaining_time":0.7795347069},
{"learn":[0.0482783895],"iteration":387,"passed_time":0.4932094748,"remaining_time":0.7779489655},
{"learn":[0.04824225147],"iteration":388,"passed_time":0.4942359852,"remaining_time":0.7762935398},
{"learn":[0.04823321691],"iteration":389,"passed_time":0.4953147713,"remaining_time":0.7747231038},
{"learn":[0.04822571958],"iteration":390,"passed_time":0.4964182143,"remaining_time":0.7731935869},
{"learn":[0.04819775404],"iteration":391,"passed_time":0.4973928633,"remaining_time":0.7714664819},
{"learn":[0.0481905274],"iteration":392,"passed_time":0.4985438238,"remaining_time":0.7700155242},
{"learn":[0.04816683419],"iteration":393,"passed_time":0.4996883511,"remaining_time":0.7685561949},
{"learn":[0.04815705065],"iteration":394,"passed_time":0.5008757319,"remaining_time":0.7671640957},
{"learn":[0.04814198164],"iteration":395,"passed_time":0.5019034728,"remaining_time":0.7655295393},
{"learn":[0.04811789997],"iteration":396,"passed_time":0.5030124528,"remaining_time":0.7640214334},
{"learn":[0.04810352946],"iteration":397,"passed_time":0.5040615047,"remaining_time":0.762424688},
{"learn":[0.04808678282],"iteration":398,"passed_time":0.5051075162,"remaining_time":0.7608261083},
{"learn":[0.04806903865],"iteration":399,"passed_time":0.506277276,"remaining_time":0.759415914},
{"learn":[0.04806635271],"iteration":400,"passed_time":0.5074345677,"remaining_time":0.7579882944},
{"learn":[0.04805936797],"iteration":401,"passed_time":0.5087757296,"remaining_time":0.756835538},
{"learn":[0.04805030966],"iteration":402,"passed_time":0.5098676677,"remaining_time":0.7553126491},
{"learn":[0.0480331444],"iteration":403,"passed_time":0.510925007,"remaining_time":0.7537408518},
{"learn":[0.04803057483],"iteration":404,"passed_time":0.5119454627,"remaining_time":0.7521174081},
{"learn":[0.04802891142],"iteration":405,"passed_time":0.512958546,"remaining_time":0.7504861486},
{"learn":[0.04801700872],"iteration":406,"passed_time":0.5140533776,"remaining_time":0.7489770341},
{"learn":[0.0480098816],"iteration":407,"passed_time":0.5153818626,"remaining_time":0.7478089771},
{"learn":[0.04799607406],"iteration":408,"passed_time":0.5165409083,"remaining_time":0.7463952978},
{"learn":[0.04798867987],"iteration":409,"passed_time":0.5176295429,"remaining_time":0.7448815373},
{"learn":[0.04798676257],"iteration":410,"passed_time":0.5187406827,"remaining_time":0.7434020976},
{"learn":[0.04794769859],"iteration":411,"passed_time":0.5197663259,"remaining_time":0.7418024263},
{"learn":[0.04793092161],"iteration":412,"passed_time":0.5209194419,"remaining_time":0.7403867129},
{"learn":[0.04792273854],"iteration":413,"passed_time":0.5220413672,"remaining_time":0.7389281188},
{"learn":[0.047917536],"iteration":414,"passed_time":0.5231903966,"remaining_time":0.7375093543},
{"learn":[0.04791156557],"iteration":415,"passed_time":0.5243034293,"remaining_time":0.7360413526},
{"learn":[0.04790264493],"iteration":416,"passed_time":0.525286422,"remaining_time":0.7343932471},
{"learn":[0.04789751516],"iteration":417,"passed_time":0.5263882364,"remaining_time":0.7329137645},
{"learn":[0.04789043989],"iteration":418,"passed_time":0.5274028033,"remaining_time":0.7313151043},
{"learn":[0.04788881322],"iteration":419,"passed_time":0.5284912542,"remaining_time":0.7298212558},
{"learn":[0.04787238478],"iteration":420,"passed_time":0.5295993582,"remaining_time":0.728356362},
{"learn":[0.04785896149],"iteration":421,"passed_time":0.5307291226,"remaining_time":0.7269228267},
{"learn":[0.04785143266],"iteration":422,"passed_time":0.5319489378,"remaining_time":0.7256135629},
{"learn":[0.04781817606],"iteration":423,"passed_time":0.5329680758,"remaining_time":0.7240321029},
{"learn":[0.04780381624],"iteration":424,"passed_time":0.5340349276,"remaining_time":0.7225178432},
{"learn":[0.04779109047],"iteration":425,"passed_time":0.5350684285,"remaining_time":0.7209607463},
{"learn":[0.04777442427],"iteration":426,"passed_time":0.5362498853,"remaining_time":0.719604647},
{"learn":[0.04772235722],"iteration":427,"passed_time":0.5373363003,"remaining_time":0.7181223452},
{"learn":[0.04769093859],"iteration":428,"passed_time":0.5384200833,"remaining_time":0.7166383859},
{"learn":[0.04768533164],"iteration":429,"passed_time":0.5396394961,"remaining_time":0.7153360762},
{"learn":[0.04767311084],"iteration":430,"passed_time":0.5406531272,"remaining_time":0.7137624811},
{"learn":[0.04765233609],"iteration":431,"passed_time":0.5416909901,"remaining_time":0.7122233388},
{"learn":[0.04764422235],"iteration":432,"passed_time":0.5427490758,"remaining_time":0.710712993},
{"learn":[0.0476367909],"iteration":433,"passed_time":0.5438012623,"remaining_time":0.7091970379},
{"learn":[0.04762638163],"iteration":434,"passed_time":0.544849447,"remaining_time":0.7076780174},
{"learn":[0.04762335452],"iteration":435,"passed_time":0.5461699244,"remaining_time":0.7065133884},
{"learn":[0.04761778573],"iteration":436,"passed_time":0.5474405412,"remaining_time":0.7052838094},
{"learn":[0.04758045105],"iteration":437,"passed_time":0.5485222096,"remaining_time":0.7038116022},
{"learn":[0.04756534415],"iteration":438,"passed_time":0.5495477324,"remaining_time":0.7022694257},
{"learn":[0.04755728584],"iteration":439,"passed_time":0.5506976464,"remaining_time":0.7008879135},
{"learn":[0.04754847572],"iteration":440,"passed_time":0.5517547581,"remaining_time":0.699389818},
{"learn":[0.04754705795],"iteration":441,"passed_time":0.5528219929,"remaining_time":0.6979064978},
{"learn":[0.04751658082],"iteration":442,"passed_time":0.553977641,"remaining_time":0.6965362213},
{"learn":[0.04749154957],"iteration":443,"passed_time":0.5551677563,"remaining_time":0.6952100732},
{"learn":[0.04748576575],"iteration":444,"passed_time":0.5562220474,"remaining_time":0.6937151378},
{"learn":[0.04746629585],"iteration":445,"passed_time":0.5572329019,"remaining_time":0.6921682234},
{"learn":[0.04746043629],"iteration":446,"passed_time":0.5582297568,"remaining_time":0.6906063882},
{"learn":[0.04745585118],"iteration":447,"passed_time":0.5592639991,"remaining_time":0.6890931418},
{"learn":[0.04742146707],"iteration":448,"passed_time":0.5603004772,"remaining_time":0.6875847727},
{"learn":[0.0474165162],"iteration":449,"passed_time":0.5614083775,"remaining_time":0.6861657947},
{"learn":[0.0474092447],"iteration":450,"passed_time":0.5625634643,"remaining_time":0.6848056362},
{"learn":[0.04739585745],"iteration":451,"passed_time":0.5636494754,"remaining_time":0.6833626383},
{"learn":[0.04731935198],"iteration":452,"passed_time":0.5647055139,"remaining_time":0.6818850246},
{"learn":[0.04728966341],"iteration":453,"passed_time":0.5658375925,"remaining_time":0.6805007169},
{"learn":[0.04726839622],"iteration":454,"passed_time":0.5668904702,"remaining_time":0.6790226511},
{"learn":[0.04726651861],"iteration":455,"passed_time":0.5678889607,"remaining_time":0.6774815672},
{"learn":[0.04725938854],"iteration":456,"passed_time":0.5689891889,"remaining_time":0.6760637409},
{"learn":[0.04722698625],"iteration":457,"passed_time":0.5701106741,"remaining_time":0.6746724571},
{"learn":[0.04721298115],"iteration":458,"passed_time":0.5712809778,"remaining_time":0.6733398889},
{"learn":[0.04720221702],"iteration":459,"passed_time":0.5722818244,"remaining_time":0.6718090983},
{"learn":[0.04719399989],"iteration":460,"passed_time":0.5734016497,"remaining_time":0.6704197163},
{"learn":[0.04717866307],"iteration":461,"passed_time":0.5744538906,"remaining_time":0.668952799},
{"learn":[0.04714542537],"iteration":462,"passed_time":0.5755460868,"remaining_time":0.6675340142},
{"learn":[0.04712633113],"iteration":463,"passed_time":0.5767543599,"remaining_time":0.6662507261},
{"learn":[0.04712425797],"iteration":464,"passed_time":0.5782230856,"remaining_time":0.6652674211},
{"learn":[0.04712226823],"iteration":465,"passed_time":0.5793413459,"remaining_time":0.6638804264},
{"learn":[0.04710701228],"iteration":466,"passed_time":0.5804156249,"remaining_time":0.6624443856},
{"learn":[0.04707655561],"iteration":467,"passed_time":0.5815397185,"remaining_time":0.6610665176},
{"learn":[0.04702775429],"iteration":468,"passed_time":0.5826572389,"remaining_time":0.6596822897},
{"learn":[0.04701423689],"iteration":469,"passed_time":0.5837954512,"remaining_time":0.6583225301},
{"learn":[0.04699922022],"iteration":470,"passed_time":0.5849718497,"remaining_time":0.6570065998},
{"learn":[0.04699593912],"iteration":471,"passed_time":0.5860970172,"remaining_time":0.6556339515},
{"learn":[0.04698641806],"iteration":472,"passed_time":0.5872264129,"remaining_time":0.6542670604},
{"learn":[0.04697739195],"iteration":473,"passed_time":0.5882501386,"remaining_time":0.6527839091},
{"learn":[0.04695722371],"iteration":474,"passed_time":0.5893836691,"remaining_time":0.6514240553},
{"learn":[0.04689797052],"iteration":475,"passed_time":0.5904072061,"remaining_time":0.6499440672},
{"learn":[0.04688629186],"iteration":476,"passed_time":0.5914576722,"remaining_time":0.648495519},
{"learn":[0.04687922146],"iteration":477,"passed_time":0.5926366556,"remaining_time":0.6471889837},
{"learn":[0.04685842952],"iteration":478,"passed_time":0.5937712079,"remaining_time":0.6458346541},
{"learn":[0.04684957972],"iteration":479,"passed_time":0.5949079578,"remaining_time":0.644483621},
{"learn":[0.04684277007],"iteration":480,"passed_time":0.5959060734,"remaining_time":0.6429838921},
{"learn":[0.04683987926],"iteration":481,"passed_time":0.5969038395,"remaining_time":0.641485869},
{"learn":[0.04681869148],"iteration":482,"passed_time":0.597936984,"remaining_time":0.6400277861},
{"learn":[0.04681027758],"iteration":483,"passed_time":0.599014774,"remaining_time":0.6386190566},
{"learn":[0.04677672115],"iteration":484,"passed_time":0.6001971478,"remaining_time":0.6373227445},
{"learn":[0.04677064398],"iteration":485,"passed_time":0.6013030727,"remaining_time":0.635946048},
{"learn":[0.04676521392],"iteration":486,"passed_time":0.6025438354,"remaining_time":0.6347125001},
{"learn":[0.04675651444],"iteration":487,"passed_time":0.6035426831,"remaining_time":0.6332251101},
{"learn":[0.04675157835],"iteration":488,"passed_time":0.6045610249,"remaining_time":0.6317600894},
{"learn":[0.04673008473],"iteration":489,"passed_time":0.6056166831,"remaining_time":0.6303357314},
{"learn":[0.04668728199],"iteration":490,"passed_time":0.6067573148,"remaining_time":0.6290009638},
{"learn":[0.04667860949],"iteration":491,"passed_time":0.6078687702,"remaining_time":0.6276368602},
{"learn":[0.04666707202],"iteration":492,"passed_time":0.6093406632,"remaining_time":0.6266444548},
{"learn":[0.04661249449],"iteration":493,"passed_time":0.6104761371,"remaining_time":0.6253055169},
{"learn":[0.04659357087],"iteration":494,"passed_time":0.6115529755,"remaining_time":0.623907581},
{"learn":[0.04657095899],"iteration":495,"passed_time":0.6126378417,"remaining_time":0.6225190972},
{"learn":[0.04656602553],"iteration":496,"passed_time":0.613669339,"remaining_time":0.621077822},
{"learn":[0.04655260711],"iteration":497,"passed_time":0.6147292751,"remaining_time":0.6196668597},
{"learn":[0.04653325001],"iteration":498,"passed_time":0.6158631011,"remaining_time":0.6183314903},
{"learn":[0.04652988366],"iteration":499,"passed_time":0.6171914481,"remaining_time":0.6171914481},
{"learn":[0.04652344562],"iteration":500,"passed_time":0.6184596274,"remaining_time":0.6159907267},
{"learn":[0.04651906601],"iteration":501,"passed_time":0.6197283402,"remaining_time":0.6147902657},
{"learn":[0.04651299275],"iteration":502,"passed_time":0.6210366352,"remaining_time":0.6136286436},
{"learn":[0.04649797488],"iteration":503,"passed_time":0.6223434926,"remaining_time":0.6124650245},
{"learn":[0.0464814884],"iteration":504,"passed_time":0.623755402,"remaining_time":0.6114038099},
{"learn":[0.0464745679],"iteration":505,"passed_time":0.6254603217,"remaining_time":0.6106272706},
{"learn":[0.04646966214],"iteration":506,"passed_time":0.6271079741,"remaining_time":0.6097913831},
{"learn":[0.04644928816],"iteration":507,"passed_time":0.6284626228,"remaining_time":0.6086685245},
{"learn":[0.046441134],"iteration":508,"passed_time":0.6297760607,"remaining_time":0.6075050016},
{"learn":[0.04642347381],"iteration":509,"passed_time":0.6311071761,"remaining_time":0.6063578751},
{"learn":[0.04641317609],"iteration":510,"passed_time":0.6324409841,"remaining_time":0.6052126052},
{"learn":[0.04641156824],"iteration":511,"passed_time":0.6337958735,"remaining_time":0.604086692},
{"learn":[0.0463822476],"iteration":512,"passed_time":0.6349910668,"remaining_time":0.6028082837},
{"learn":[0.04637479492],"iteration":513,"passed_time":0.6361526133,"remaining_time":0.6014983854},
{"learn":[0.04637077172],"iteration":514,"passed_time":0.6373481986,"remaining_time":0.600221119},
{"learn":[0.0463491],"iteration":515,"passed_time":0.6385547124,"remaining_time":0.5989544201},
{"learn":[0.04634359583],"iteration":516,"passed_time":0.6399470833,"remaining_time":0.5978615884},
{"learn":[0.04633855788],"iteration":517,"passed_time":0.6413495839,"remaining_time":0.5967770259},
{"learn":[0.04631174935],"iteration":518,"passed_time":0.6425153451,"remaining_time":0.5954718323},
{"learn":[0.04626968411],"iteration":519,"passed_time":0.6439164752,"remaining_time":0.5943844386},
{"learn":[0.04626615717],"iteration":520,"passed_time":0.6450105638,"remaining_time":0.593013551},
{"learn":[0.04625361173],"iteration":521,"passed_time":0.6462170386,"remaining_time":0.5917466369},
{"learn":[0.04624692816],"iteration":522,"passed_time":0.6478469259,"remaining_time":0.5908661255},
{"learn":[0.0462406812],"iteration":523,"passed_time":0.6493998952,"remaining_time":0.5899128819},
{"learn":[0.04620251718],"iteration":524,"passed_time":0.6507905962,"remaining_time":0.5888105395},
{"learn":[0.04618604917],"iteration":525,"passed_time":0.6520957089,"remaining_time":0.5876299734},
{"learn":[0.04618200293],"iteration":526,"passed_time":0.6533331183,"remaining_time":0.5863881688},
{"learn":[0.04615923871],"iteration":527,"passed_time":0.6544634594,"remaining_time":0.5850506683},
{"learn":[0.04615162072],"iteration":528,"passed_time":0.6557952156,"remaining_time":0.5838932827},
{"learn":[0.04614552035],"iteration":529,"passed_time":0.6571718635,"remaining_time":0.5827750488},
{"learn":[0.04609988153],"iteration":530,"passed_time":0.6584009327,"remaining_time":0.5815254942},
{"learn":[0.04609215128],"iteration":531,"passed_time":0.6599192045,"remaining_time":0.580530428},
{"learn":[0.04608058222],"iteration":532,"passed_time":0.6612200477,"remaining_time":0.5793428936},
{"learn":[0.04607599626],"iteration":533,"passed_time":0.6625244058,"remaining_time":0.5781580021},
{"learn":[0.04603932451],"iteration":534,"passed_time":0.6638374263,"remaining_time":0.5769801929},
{"learn":[0.04600717166],"iteration":535,"passed_time":0.6652604849,"remaining_time":0.5758971362},
{"learn":[0.04596149459],"iteration":536,"passed_time":0.6665746988,"remaining_time":0.5747189675},
{"learn":[0.04595193301],"iteration":537,"passed_time":0.6678849539,"remaining_time":0.5735368935},
{"learn":[0.04594201303],"iteration":538,"passed_time":0.6689478194,"remaining_time":0.5721427546},
{"learn":[0.04590253502],"iteration":539,"passed_time":0.6702228469,"remaining_time":0.5709305733},
{"learn":[0.04589666877],"iteration":540,"passed_time":0.671754918,"remaining_time":0.5699362428},
{"learn":[0.04588863762],"iteration":541,"passed_time":0.6730755531,"remaining_time":0.5687612607},
{"learn":[0.04586816913],"iteration":542,"passed_time":0.6742999729,"remaining_time":0.5675047654},
{"learn":[0.04586451499],"iteration":543,"passed_time":0.6754780845,"remaining_time":0.5662095708},
{"learn":[0.04585210086],"iteration":544,"passed_time":0.6764825938,"remaining_time":0.5647698719},
{"learn":[0.04582379493],"iteration":545,"passed_time":0.6776624934,"remaining_time":0.5634776044},
{"learn":[0.04581533523],"iteration":546,"passed_time":0.6788426017,"remaining_time":0.5621859206},
{"learn":[0.0458066732],"iteration":547,"passed_time":0.6800336844,"remaining_time":0.5609036959},
{"learn":[0.04579932259],"iteration":548,"passed_time":0.6810556191,"remaining_time":0.5594828492},
{"learn":[0.04576932792],"iteration":549,"passed_time":0.6821744804,"remaining_time":0.5581427567},
{"learn":[0.0457346703],"iteration":550,"passed_time":0.6833948572,"remaining_time":0.5568861903},
{"learn":[0.04572357648],"iteration":551,"passed_time":0.6844642441,"remaining_time":0.5555072126},
{"learn":[0.04571561858],"iteration":552,"passed_time":0.6854964821,"remaining_time":0.5540993264},
{"learn":[0.04568450513],"iteration":553,"passed_time":0.6867288421,"remaining_time":0.5528539053},
{"learn":[0.04567077276],"iteration":554,"passed_time":0.6879594049,"remaining_time":0.5516070904},
{"learn":[0.04566090976],"iteration":555,"passed_time":0.6890191605,"remaining_time":0.5502239339},
{"learn":[0.04565586381],"iteration":556,"passed_time":0.690019697,"remaining_time":0.5487948398},
{"learn":[0.04564864241],"iteration":557,"passed_time":0.6911361628,"remaining_time":0.547459111},
{"learn":[0.04563811585],"iteration":558,"passed_time":0.6921150551,"remaining_time":0.5460156338},
{"learn":[0.04563364792],"iteration":559,"passed_time":0.6932476721,"remaining_time":0.5446945995},
{"learn":[0.04562546975],"iteration":560,"passed_time":0.6944013197,"remaining_time":0.543390694},
{"learn":[0.04561770662],"iteration":561,"passed_time":0.6956057809,"remaining_time":0.5421269253},
{"learn":[0.045601214],"iteration":562,"passed_time":0.6966982054,"remaining_time":0.5407764046},
{"learn":[0.04558833581],"iteration":563,"passed_time":0.6982036885,"remaining_time":0.5397461138},
{"learn":[0.04557022867],"iteration":564,"passed_time":0.6994169197,"remaining_time":0.5384891329},
{"learn":[0.04556866985],"iteration":565,"passed_time":0.7005400339,"remaining_time":0.5371632062},
{"learn":[0.04556228162],"iteration":566,"passed_time":0.7016707422,"remaining_time":0.5358437943},
{"learn":[0.04554492184],"iteration":567,"passed_time":0.703322371,"remaining_time":0.5349212399},
{"learn":[0.04553956541],"iteration":568,"passed_time":0.7046892976,"remaining_time":0.5337804697},
{"learn":[0.04552964711],"iteration":569,"passed_time":0.7060216143,"remaining_time":0.5326127968},
{"learn":[0.04552498313],"iteration":570,"passed_time":0.7072004037,"remaining_time":0.5313292},
{"learn":[0.04551923046],"iteration":571,"passed_time":0.70835245,"remaining_time":0.5300259591},
{"learn":[0.0455157109],"iteration":572,"passed_time":0.7095944267,"remaining_time":0.5287902621},
{"learn":[0.04551456032],"iteration":573,"passed_time":0.7108982317,"remaining_time":0.5276004298},
{"learn":[0.04550477823],"iteration":574,"passed_time":0.7123699457,"remaining_time":0.5265343077},
{"learn":[0.04550231507],"iteration":575,"passed_time":0.7136075006,"remaining_time":0.5252944102},
{"learn":[0.04543692108],"iteration":576,"passed_time":0.7147820545,"remaining_time":0.5240083346},
{"learn":[0.04543363775],"iteration":577,"passed_time":0.7160782842,"remaining_time":0.5228114808},
{"learn":[0.04543227438],"iteration":578,"passed_time":0.7173978261,"remaining_time":0.5216312345},
{"learn":[0.04539447932],"iteration":579,"passed_time":0.7186481754,"remaining_time":0.5204004029},
{"learn":[0.04535459122],"iteration":580,"passed_time":0.7197828014,"remaining_time":0.5190860478},
{"learn":[0.04534883773],"iteration":581,"passed_time":0.7207871984,"remaining_time":0.5176787783},
{"learn":[0.04534424515],"iteration":582,"passed_time":0.7219090585,"remaining_time":0.5163569081},
{"learn":[0.04532411531],"iteration":583,"passed_time":0.7228892261,"remaining_time":0.5149347912},
{"learn":[0.04531719224],"iteration":584,"passed_time":0.7239466911,"remaining_time":0.5135690202},
{"learn":[0.04529462939],"iteration":585,"passed_time":0.7251452998,"remaining_time":0.5123040173},
{"learn":[0.0452886827],"iteration":586,"passed_time":0.7262908964,"remaining_time":0.5110019425},
{"learn":[0.04527126892],"iteration":587,"passed_time":0.7278649202,"remaining_time":0.5100005904},
{"learn":[0.04523462548],"iteration":588,"passed_time":0.7291398771,"remaining_time":0.5087886069},
{"learn":[0.04522979731],"iteration":589,"passed_time":0.730350422,"remaining_time":0.5075316492},
{"learn":[0.04522310076],"iteration":590,"passed_time":0.7314341949,"remaining_time":0.5061871163},
{"learn":[0.04521180537],"iteration":591,"passed_time":0.7324194019,"remaining_time":0.5047755337},
{"learn":[0.04520760142],"iteration":592,"passed_time":0.7336695043,"remaining_time":0.5035471977},
{"learn":[0.04518540734],"iteration":593,"passed_time":0.7349916056,"remaining_time":0.5023679998},
{"learn":[0.04517606849],"iteration":594,"passed_time":0.7360708291,"remaining_time":0.5010230013},
{"learn":[0.04516283932],"iteration":595,"passed_time":0.7371587581,"remaining_time":0.4996847958},
{"learn":[0.04515444691],"iteration":596,"passed_time":0.7382551273,"remaining_time":0.4983531261},
{"learn":[0.04514794709],"iteration":597,"passed_time":0.739267615,"remaining_time":0.4969658549},
{"learn":[0.0451292411],"iteration":598,"passed_time":0.7403734443,"remaining_time":0.4956423224},
{"learn":[0.04511656917],"iteration":599,"passed_time":0.7416934907,"remaining_time":0.4944623271},
{"learn":[0.04511147972],"iteration":600,"passed_time":0.742937297,"remaining_time":0.4932312504},
{"learn":[0.04510191458],"iteration":601,"passed_time":0.7443074358,"remaining_time":0.4920836535},
{"learn":[0.04507525071],"iteration":602,"passed_time":0.7454038917,"remaining_time":0.4907551327},
{"learn":[0.04506918145],"iteration":603,"passed_time":0.7465978564,"remaining_time":0.4894913098},
{"learn":[0.04506302993],"iteration":604,"passed_time":0.7477708357,"remaining_time":0.4882140167},
{"learn":[0.04505799388],"iteration":605,"passed_time":0.7490538192,"remaining_time":0.4870085887},
{"learn":[0.04505664637],"iteration":606,"passed_time":0.750160521,"remaining_time":0.4856887722},
{"learn":[0.04505264268],"iteration":607,"passed_time":0.7512415019,"remaining_time":0.4843530736},
{"learn":[0.04502371651],"iteration":608,"passed_time":0.7523072351,"remaining_time":0.4830084218},
{"learn":[0.04501404132],"iteration":609,"passed_time":0.7533562499,"remaining_time":0.4816539959},
{"learn":[0.04500512503],"iteration":610,"passed_time":0.7543595106,"remaining_time":0.4802714396},
{"learn":[0.04499063524],"iteration":611,"passed_time":0.7554747848,"remaining_time":0.4789611381},
{"learn":[0.04497278644],"iteration":612,"passed_time":0.7566226084,"remaining_time":0.4776720219},
{"learn":[0.04496760223],"iteration":613,"passed_time":0.757801954,"remaining_time":0.4764031828},
{"learn":[0.04494948034],"iteration":614,"passed_time":0.7588996216,"remaining_time":0.475083503},
{"learn":[0.04494462368],"iteration":615,"passed_time":0.7599126278,"remaining_time":0.473711768},
{"learn":[0.04493544456],"iteration":616,"passed_time":0.7610572628,"remaining_time":0.4724229038},
{"learn":[0.0449311119],"iteration":617,"passed_time":0.7621367455,"remaining_time":0.4710942343},
{"learn":[0.04490636126],"iteration":618,"passed_time":0.7631994659,"remaining_time":0.4697560525},
{"learn":[0.04490160295],"iteration":619,"passed_time":0.7643265043,"remaining_time":0.46845818},
{"learn":[0.04488963173],"iteration":620,"passed_time":0.7658103393,"remaining_time":0.4673786129},
{"learn":[0.04482456045],"iteration":621,"passed_time":0.7669533915,"remaining_time":0.4660906463},
{"learn":[0.04482290506],"iteration":622,"passed_time":0.7679707512,"remaining_time":0.4647270838},
{"learn":[0.04482022767],"iteration":623,"passed_time":0.7691114184,"remaining_time":0.4634389316},
{"learn":[0.04480759038],"iteration":624,"passed_time":0.7701365077,"remaining_time":0.4620819046},
{"learn":[0.04479881342],"iteration":625,"passed_time":0.7713074047,"remaining_time":0.4608130501},
{"learn":[0.04473332525],"iteration":626,"passed_time":0.7726853453,"remaining_time":0.4596676775},
{"learn":[0.04470474058],"iteration":627,"passed_time":0.7740079801,"remaining_time":0.4584888035},
{"learn":[0.04469901384],"iteration":628,"passed_time":0.7751653042,"remaining_time":0.457211968},
{"learn":[0.04469237441],"iteration":629,"passed_time":0.7763165779,"remaining_time":0.4559319584},
{"learn":[0.04468533034],"iteration":630,"passed_time":0.7774923627,"remaining_time":0.4546666907},
{"learn":[0.04465361998],"iteration":631,"passed_time":0.7786664649,"remaining_time":0.4534007264},
{"learn":[0.044638077],"iteration":632,"passed_time":0.7798358486,"remaining_time":0.4521323167},
{"learn":[0.04460786333],"iteration":633,"passed_time":0.7811683049,"remaining_time":0.450958359},
{"learn":[0.04459823605],"iteration":634,"passed_time":0.7823076031,"remaining_time":0.4496728742},
{"learn":[0.04457138915],"iteration":635,"passed_time":0.7834807166,"remaining_time":0.4484072026},
{"learn":[0.04456682052],"iteration":636,"passed_time":0.7847306239,"remaining_time":0.4471855831},
{"learn":[0.04454875963],"iteration":637,"passed_time":0.7858842008,"remaining_time":0.4459092174},
{"learn":[0.04453317071],"iteration":638,"passed_time":0.7870811173,"remaining_time":0.4446577204},
{"learn":[0.04451754194],"iteration":639,"passed_time":0.7884029844,"remaining_time":0.4434766788},
{"learn":[0.04451404224],"iteration":640,"passed_time":0.7896526876,"remaining_time":0.4422547814},
{"learn":[0.04449985869],"iteration":641,"passed_time":0.7908656253,"remaining_time":0.4410122957},
{"learn":[0.04447810982],"iteration":642,"passed_time":0.7920618192,"remaining_time":0.4397606057},
{"learn":[0.04443721035],"iteration":643,"passed_time":0.7932650665,"remaining_time":0.4385129871},
{"learn":[0.04440004276],"iteration":644,"passed_time":0.7943883994,"remaining_time":0.4372215221},
{"learn":[0.04439280953],"iteration":645,"passed_time":0.7956387602,"remaining_time":0.4360001875},
{"learn":[0.04437100225],"iteration":646,"passed_time":0.7971224162,"remaining_time":0.4349060478},
{"learn":[0.04436835994],"iteration":647,"passed_time":0.798345945,"remaining_time":0.4336694022},
{"learn":[0.04436271193],"iteration":648,"passed_time":0.7995571174,"remaining_time":0.4324261144},
{"learn":[0.04434475048],"iteration":649,"passed_time":0.8007779359,"remaining_time":0.4311881193},
{"learn":[0.04434162386],"iteration":650,"passed_time":0.8019115805,"remaining_time":0.4299034433},
{"learn":[0.04433601156],"iteration":651,"passed_time":0.8032892302,"remaining_time":0.4287494664},
{"learn":[0.04429427565],"iteration":652,"passed_time":0.8045510995,"remaining_time":0.4275332795},
{"learn":[0.04429190095],"iteration":653,"passed_time":0.805689652,"remaining_time":0.4262517119},
{"learn":[0.04428405646],"iteration":654,"passed_time":0.8069184157,"remaining_time":0.4250180968},
{"learn":[0.04427719497],"iteration":655,"passed_time":0.8080646619,"remaining_time":0.4237412252},
{"learn":[0.04427282561],"iteration":656,"passed_time":0.8091640538,"remaining_time":0.4224402899},
{"learn":[0.04424016141],"iteration":657,"passed_time":0.8101794979,"remaining_time":0.4210963348},
{"learn":[0.04423674193],"iteration":658,"passed_time":0.8112746697,"remaining_time":0.4197946318},
{"learn":[0.04420927416],"iteration":659,"passed_time":0.8124617804,"remaining_time":0.4185409172},
{"learn":[0.0442047382],"iteration":660,"passed_time":0.8136262162,"remaining_time":0.417275775},
{"learn":[0.04420247943],"iteration":661,"passed_time":0.8145901129,"remaining_time":0.4159085471},
{"learn":[0.04419397821],"iteration":662,"passed_time":0.8157135939,"remaining_time":0.4146236518},
{"learn":[0.044172937],"iteration":663,"passed_time":0.8167763738,"remaining_time":0.4133085265},
{"learn":[0.04415887592],"iteration":664,"passed_time":0.8178771462,"remaining_time":0.4120132992},
{"learn":[0.04415464142],"iteration":665,"passed_time":0.8191217803,"remaining_time":0.4107908027},
{"learn":[0.04414608767],"iteration":666,"passed_time":0.8204415139,"remaining_time":0.4096057333},
{"learn":[0.04413421385],"iteration":667,"passed_time":0.8218077925,"remaining_time":0.4084433939},
{"learn":[0.04412894881],"iteration":668,"passed_time":0.8231977263,"remaining_time":0.4072921486},
{"learn":[0.04412267348],"iteration":669,"passed_time":0.8243854442,"remaining_time":0.4060405919},
{"learn":[0.04410181009],"iteration":670,"passed_time":0.8256134233,"remaining_time":0.4048089661},
{"learn":[0.04409223195],"iteration":671,"passed_time":0.826776335,"remaining_time":0.4035455921},
{"learn":[0.04408175288],"iteration":672,"passed_time":0.8284522233,"remaining_time":0.4025317638},
{"learn":[0.04406672003],"iteration":673,"passed_time":0.8297527047,"remaining_time":0.4013343943},
{"learn":[0.0440527261],"iteration":674,"passed_time":0.8309306134,"remaining_time":0.4000777028},
{"learn":[0.04404825078],"iteration":675,"passed_time":0.8319809753,"remaining_time":0.3987601124},
{"learn":[0.04404669586],"iteration":676,"passed_time":0.8330176123,"remaining_time":0.3974367633},
{"learn":[0.04403047779],"iteration":677,"passed_time":0.8340682311,"remaining_time":0.3961209003},
{"learn":[0.04402038368],"iteration":678,"passed_time":0.83537101,"remaining_time":0.3949250283},
{"learn":[0.04400912144],"iteration":679,"passed_time":0.8368276826,"remaining_time":0.3938012624},
{"learn":[0.04400211973],"iteration":680,"passed_time":0.8380285275,"remaining_time":0.3925566818},
{"learn":[0.04398193439],"iteration":681,"passed_time":0.8391407081,"remaining_time":0.3912708873},
{"learn":[0.0439519115],"iteration":682,"passed_time":0.8402268889,"remaining_time":0.3899735341},
{"learn":[0.04394762591],"iteration":683,"passed_time":0.8412315521,"remaining_time":0.3886391381},
{"learn":[0.04393846841],"iteration":684,"passed_time":0.8422966009,"remaining_time":0.3873334734},
{"learn":[0.04393055874],"iteration":685,"passed_time":0.8435377799,"remaining_time":0.3861091296},
{"learn":[0.04388550773],"iteration":686,"passed_time":0.8447684156,"remaining_time":0.3848799332},
{"learn":[0.04388441923],"iteration":687,"passed_time":0.8459662069,"remaining_time":0.383635838},
{"learn":[0.04387468002],"iteration":688,"passed_time":0.8470280602,"remaining_time":0.3823305177},
{"learn":[0.04386964402],"iteration":689,"passed_time":0.8480569144,"remaining_time":0.3810110775},
{"learn":[0.04385952164],"iteration":690,"passed_time":0.8491233311,"remaining_time":0.3797092754},
{"learn":[0.04385221647],"iteration":691,"passed_time":0.8502193307,"remaining_time":0.3784213206},
{"learn":[0.04384685182],"iteration":692,"passed_time":0.8513810392,"remaining_time":0.3771630289},
{"learn":[0.0438393221],"iteration":693,"passed_time":0.8526463435,"remaining_time":0.3759506933},
{"learn":[0.04383040972],"iteration":694,"passed_time":0.8536709707,"remaining_time":0.3746325843},
{"learn":[0.04381699787],"iteration":695,"passed_time":0.8547230569,"remaining_time":0.3733273122},
{"learn":[0.04380786505],"iteration":696,"passed_time":0.8558434037,"remaining_time":0.3720524409},
{"learn":[0.04380452401],"iteration":697,"passed_time":0.8568801495,"remaining_time":0.3707418412},
{"learn":[0.04379877252],"iteration":698,"passed_time":0.8580741528,"remaining_time":0.3694997425},
{"learn":[0.04378232537],"iteration":699,"passed_time":0.8594731971,"remaining_time":0.3683456559},
{"learn":[0.04377665013],"iteration":700,"passed_time":0.8606577612,"remaining_time":0.3670993874},
{"learn":[0.04376966878],"iteration":701,"passed_time":0.8617004745,"remaining_time":0.3657930789},
{"learn":[0.04376548883],"iteration":702,"passed_time":0.8627966091,"remaining_time":0.3645100895},
{"learn":[0.04376057334],"iteration":703,"passed_time":0.8639060354,"remaining_time":0.3632332194},
{"learn":[0.04374140871],"iteration":704,"passed_time":0.8650076002,"remaining_time":0.3619535348},
{"learn":[0.04373384749],"iteration":705,"passed_time":0.8661380501,"remaining_time":0.3606863835},
{"learn":[0.04373133844],"iteration":706,"passed_time":0.8672912996,"remaining_time":0.3594290676},
{"learn":[0.04372888687],"iteration":707,"passed_time":0.8683272392,"remaining_time":0.3581236636},
{"learn":[0.04371231413],"iteration":708,"passed_time":0.8693425151,"remaining_time":0.3568105386},
{"learn":[0.04369808573],"iteration":709,"passed_time":0.8704385205,"remaining_time":0.3555312267},
{"learn":[0.04368696244],"iteration":710,"passed_time":0.871692156,"remaining_time":0.3543165022},
{"learn":[0.04367824544],"iteration":711,"passed_time":0.8728563013,"remaining_time":0.3530654702},
{"learn":[0.04367520194],"iteration":712,"passed_time":0.8740575199,"remaining_time":0.3518296048},
{"learn":[0.04367319928],"iteration":713,"passed_time":0.8752422124,"remaining_time":0.3505872167},
{"learn":[0.04364598597],"iteration":714,"passed_time":0.8763268217,"remaining_time":0.3493050968},
{"learn":[0.04364336236],"iteration":715,"passed_time":0.8773475976,"remaining_time":0.3479982091},
{"learn":[0.04363426826],"iteration":716,"passed_time":0.8784386049,"remaining_time":0.3467198399},
{"learn":[0.04362238341],"iteration":717,"passed_time":0.8795486858,"remaining_time":0.3454494838},
{"learn":[0.04362038369],"iteration":718,"passed_time":0.8805994396,"remaining_time":0.3441563874},
{"learn":[0.04360076769],"iteration":719,"passed_time":0.8817473523,"remaining_time":0.3429017481},
{"learn":[0.04359690657],"iteration":720,"passed_time":0.8830171949,"remaining_time":0.3416945872},
{"learn":[0.0435913603],"iteration":721,"passed_time":0.8841330956,"remaining_time":0.3404279786},
{"learn":[0.04356702829],"iteration":722,"passed_time":0.885155656,"remaining_time":0.3391260259},
{"learn":[0.04356336759],"iteration":723,"passed_time":0.8863312957,"remaining_time":0.3378832011},
{"learn":[0.04355740886],"iteration":724,"passed_time":0.8874884027,"remaining_time":0.336633532},
{"learn":[0.04355329915],"iteration":725,"passed_time":0.8885023207,"remaining_time":0.335330077},
{"learn":[0.04354836745],"iteration":726,"passed_time":0.8903243443,"remaining_time":0.3343308748},
{"learn":[0.04350567056],"iteration":727,"passed_time":0.8921539555,"remaining_time":0.3333322471},
{"learn":[0.04348462229],"iteration":728,"passed_time":0.8936115767,"remaining_time":0.3321930553},
{"learn":[0.04348156452],"iteration":729,"passed_time":0.8948393718,"remaining_time":0.3309679868},
{"learn":[0.04347890984],"iteration":730,"passed_time":0.8960528591,"remaining_time":0.3297376458},
{"learn":[0.0434376229],"iteration":731,"passed_time":0.8975371859,"remaining_time":0.3286065107},
{"learn":[0.04343434742],"iteration":732,"passed_time":0.8992289979,"remaining_time":0.3275499897},
{"learn":[0.04343064396],"iteration":733,"passed_time":0.9005292301,"remaining_time":0.32634983},
{"learn":[0.0434238472],"iteration":734,"passed_time":0.9017655124,"remaining_time":0.3251263412},
{"learn":[0.04340379139],"iteration":735,"passed_time":0.9029021184,"remaining_time":0.3238670642},
{"learn":[0.04339904424],"iteration":736,"passed_time":0.9039731779,"remaining_time":0.3225847297},
{"learn":[0.04339552626],"iteration":737,"passed_time":0.905312553,"remaining_time":0.3213982234},
{"learn":[0.04338139658],"iteration":738,"passed_time":0.9070833575,"remaining_time":0.3203636757},
{"learn":[0.0433569088],"iteration":739,"passed_time":0.9084319361,"remaining_time":0.3191787884},
{"learn":[0.04334889248],"iteration":740,"passed_time":0.9095165323,"remaining_time":0.3179011901},
{"learn":[0.04334471647],"iteration":741,"passed_time":0.9105525459,"remaining_time":0.3166072195},
{"learn":[0.04331714011],"iteration":742,"passed_time":0.9118253125,"remaining_time":0.3153958349},
{"learn":[0.04331387822],"iteration":743,"passed_time":0.9134862088,"remaining_time":0.3143178353},
{"learn":[0.04329697519],"iteration":744,"passed_time":0.9152048823,"remaining_time":0.313258047},
{"learn":[0.04329170113],"iteration":745,"passed_time":0.916592502,"remaining_time":0.3120837741},
{"learn":[0.04328742339],"iteration":746,"passed_time":0.9176776367,"remaining_time":0.310806482},
{"learn":[0.04323766629],"iteration":747,"passed_time":0.9186825992,"remaining_time":0.3095026939},
{"learn":[0.04323074823],"iteration":748,"passed_time":0.9197708997,"remaining_time":0.3082276313},
{"learn":[0.04322443309],"iteration":749,"passed_time":0.9214622268,"remaining_time":0.3071540756},
{"learn":[0.04321895061],"iteration":750,"passed_time":0.9233926839,"remaining_time":0.3061581602},
{"learn":[0.04321600033],"iteration":751,"passed_time":0.9246693897,"remaining_time":0.3049441604},
{"learn":[0.04319855755],"iteration":752,"passed_time":0.9258542369,"remaining_time":0.3036998626},
{"learn":[0.04318669275],"iteration":753,"passed_time":0.9268726682,"remaining_time":0.3024014276},
{"learn":[0.04317822988],"iteration":754,"passed_time":0.9280758241,"remaining_time":0.301163678},
{"learn":[0.04317324588],"iteration":755,"passed_time":0.9294498099,"remaining_time":0.2999811556},
{"learn":[0.04317039129],"iteration":756,"passed_time":0.9307686706,"remaining_time":0.2987804319},
{"learn":[0.04315634609],"iteration":757,"passed_time":0.9318312364,"remaining_time":0.2974975715},
{"learn":[0.0431504738],"iteration":758,"passed_time":0.9329945373,"remaining_time":0.2962472773},
{"learn":[0.04314442026],"iteration":759,"passed_time":0.9340331485,"remaining_time":0.2949578364},
{"learn":[0.04313923708],"iteration":760,"passed_time":0.9350691915,"remaining_time":0.2936682481},
{"learn":[0.04312276248],"iteration":761,"passed_time":0.9363698546,"remaining_time":0.2924619756},
{"learn":[0.04312000569],"iteration":762,"passed_time":0.937926068,"remaining_time":0.2913348337},
{"learn":[0.04311518375],"iteration":763,"passed_time":0.9393257323,"remaining_time":0.2901582105},
{"learn":[0.04310677885],"iteration":764,"passed_time":0.9404582648,"remaining_time":0.2888989441},
{"learn":[0.04307015936],"iteration":765,"passed_time":0.9415658592,"remaining_time":0.2876323904},
{"learn":[0.04306520149],"iteration":766,"passed_time":0.9425964925,"remaining_time":0.2863428719},
{"learn":[0.04302905969],"iteration":767,"passed_time":0.9439177093,"remaining_time":0.285141808},
{"learn":[0.04302478767],"iteration":768,"passed_time":0.946859773,"remaining_time":0.284427318},
{"learn":[0.04302314466],"iteration":769,"passed_time":0.9482106533,"remaining_time":0.2832317536},
{"learn":[0.04301363519],"iteration":770,"passed_time":0.9497715205,"remaining_time":0.2820981559},
{"learn":[0.04299684123],"iteration":771,"passed_time":0.9509587076,"remaining_time":0.2808530898},
{"learn":[0.04289961587],"iteration":772,"passed_time":0.9528095835,"remaining_time":0.279803073},
{"learn":[0.04288716434],"iteration":773,"passed_time":0.954797312,"remaining_time":0.2787909464},
{"learn":[0.04284814132],"iteration":774,"passed_time":0.9561876465,"remaining_time":0.2776028651},
{"learn":[0.0428228237],"iteration":775,"passed_time":0.9574233544,"remaining_time":0.2763696281},
{"learn":[0.04279245797],"iteration":776,"passed_time":0.9586482047,"remaining_time":0.2751332685},
{"learn":[0.04276299318],"iteration":777,"passed_time":0.9607068458,"remaining_time":0.2741348583},
{"learn":[0.04273392654],"iteration":778,"passed_time":0.9621594341,"remaining_time":0.2729617907},
{"learn":[0.04272503947],"iteration":779,"passed_time":0.9633431549,"remaining_time":0.2717121719},
{"learn":[0.04272033772],"iteration":780,"passed_time":0.9646086494,"remaining_time":0.270485652},
{"learn":[0.04271687768],"iteration":781,"passed_time":0.9658972344,"remaining_time":0.2692654694},
{"learn":[0.04271118819],"iteration":782,"passed_time":0.9672429415,"remaining_time":0.2680609429},
{"learn":[0.04269542023],"iteration":783,"passed_time":0.9689251962,"remaining_time":0.2669487785},
{"learn":[0.04269135136],"iteration":784,"passed_time":0.9700660405,"remaining_time":0.2656868773},
{"learn":[0.04268316427],"iteration":785,"passed_time":0.9712738774,"remaining_time":0.2644435239},
{"learn":[0.04265512614],"iteration":786,"passed_time":0.972352273,"remaining_time":0.2631652276},
{"learn":[0.04262888413],"iteration":787,"passed_time":0.9733943908,"remaining_time":0.2618776787},
{"learn":[0.04261311298],"iteration":788,"passed_time":0.9745222353,"remaining_time":0.2606136776},
{"learn":[0.0425873109],"iteration":789,"passed_time":0.9761343535,"remaining_time":0.2594787522},
{"learn":[0.04258055455],"iteration":790,"passed_time":0.9777687911,"remaining_time":0.2583485175},
{"learn":[0.04255067954],"iteration":791,"passed_time":0.9792397738,"remaining_time":0.257174082},
{"learn":[0.04253706708],"iteration":792,"passed_time":0.980449392,"remaining_time":0.2559306736},
{"learn":[0.042533143],"iteration":793,"passed_time":0.9814630092,"remaining_time":0.2546364986},
{"learn":[0.04251971411],"iteration":794,"passed_time":0.9826073055,"remaining_time":0.2533767266},
{"learn":[0.04248354528],"iteration":795,"passed_time":0.9842276348,"remaining_time":0.2522392431},
{"learn":[0.04246646652],"iteration":796,"passed_time":0.9856025853,"remaining_time":0.2510380487},
{"learn":[0.04245839719],"iteration":797,"passed_time":0.9869011326,"remaining_time":0.2498170787},
{"learn":[0.04245403254],"iteration":798,"passed_time":0.9882025212,"remaining_time":0.2485966292},
{"learn":[0.04243826432],"iteration":799,"passed_time":0.9895405254,"remaining_time":0.2473851313},
{"learn":[0.04243252974],"iteration":800,"passed_time":0.9910371695,"remaining_time":0.24621273},
{"learn":[0.04242112373],"iteration":801,"passed_time":0.9927415074,"remaining_time":0.2450907961},
{"learn":[0.04241109496],"iteration":802,"passed_time":0.9939912183,"remaining_time":0.243855878},
{"learn":[0.04240767283],"iteration":803,"passed_time":0.9952413937,"remaining_time":0.2426210363},
{"learn":[0.04240401805],"iteration":804,"passed_time":0.9966266607,"remaining_time":0.2414188805},
{"learn":[0.04239298569],"iteration":805,"passed_time":0.9979848968,"remaining_time":0.2402097643},
{"learn":[0.04239178548],"iteration":806,"passed_time":0.9992459564,"remaining_time":0.2389770379},
{"learn":[0.04236861638],"iteration":807,"passed_time":1.000465944,"remaining_time":0.2377344816},
{"learn":[0.04234903804],"iteration":808,"passed_time":1.001429073,"remaining_time":0.2364313387},
{"learn":[0.0423443031],"iteration":809,"passed_time":1.002570456,"remaining_time":0.2351708477},
{"learn":[0.04234078597],"iteration":810,"passed_time":1.003648471,"remaining_time":0.2338958828},
{"learn":[0.04233828185],"iteration":811,"passed_time":1.004698219,"remaining_time":0.2326148585},
{"learn":[0.04233355751],"iteration":812,"passed_time":1.00593116,"remaining_time":0.2313765399},
{"learn":[0.04232624258],"iteration":813,"passed_time":1.007090233,"remaining_time":0.2301213554},
{"learn":[0.04231585982],"iteration":814,"passed_time":1.008247533,"remaining_time":0.2288660045},
{"learn":[0.0423107221],"iteration":815,"passed_time":1.009241856,"remaining_time":0.227574144},
{"learn":[0.04230846206],"iteration":816,"passed_time":1.010239249,"remaining_time":0.2262836995},
{"learn":[0.04230375093],"iteration":817,"passed_time":1.011303751,"remaining_time":0.2250089031},
{"learn":[0.04229742285],"iteration":818,"passed_time":1.012303384,"remaining_time":0.223720284},
{"learn":[0.04226674393],"iteration":819,"passed_time":1.013491433,"remaining_time":0.2224737291},
{"learn":[0.04226517255],"iteration":820,"passed_time":1.015333269,"remaining_time":0.2213698602},
{"learn":[0.04226031712],"iteration":821,"passed_time":1.017180803,"remaining_time":0.2202654294},
{"learn":[0.04225275839],"iteration":822,"passed_time":1.018607357,"remaining_time":0.2190686539},
{"learn":[0.04222685351],"iteration":823,"passed_time":1.019961908,"remaining_time":0.2178559416},
{"learn":[0.04222511026],"iteration":824,"passed_time":1.021146142,"remaining_time":0.2166067574},
{"learn":[0.04221987787],"iteration":825,"passed_time":1.022486528,"remaining_time":0.2153906245},
{"learn":[0.04221668144],"iteration":826,"passed_time":1.02373815,"remaining_time":0.2141556227},
{"learn":[0.04221071422],"iteration":827,"passed_time":1.024794845,"remaining_time":0.2128800886},
{"learn":[0.04220676478],"iteration":828,"passed_time":1.025862483,"remaining_time":0.2116073397},
{"learn":[0.0421631519],"iteration":829,"passed_time":1.02686585,"remaining_time":0.210321921},
{"learn":[0.04215293721],"iteration":830,"passed_time":1.027928082,"remaining_time":0.2090491526},
{"learn":[0.04214842214],"iteration":831,"passed_time":1.02894746,"remaining_time":0.2077682372},
{"learn":[0.04213245718],"iteration":832,"passed_time":1.03011791,"remaining_time":0.2065182365},
{"learn":[0.04212786727],"iteration":833,"passed_time":1.031358604,"remaining_time":0.205282408},
{"learn":[0.04211201059],"iteration":834,"passed_time":1.032436856,"remaining_time":0.2040144685},
{"learn":[0.0421075388],"iteration":835,"passed_time":1.033487553,"remaining_time":0.2027415773},
{"learn":[0.04209985969],"iteration":836,"passed_time":1.034530708,"remaining_time":0.2014677484},
{"learn":[0.04209830669],"iteration":837,"passed_time":1.035532184,"remaining_time":0.2001864127},
{"learn":[0.04208722874],"iteration":838,"passed_time":1.036640757,"remaining_time":0.1989262954},
{"learn":[0.04208415475],"iteration":839,"passed_time":1.037791885,"remaining_time":0.1976746449},
{"learn":[0.0420750285],"iteration":840,"passed_time":1.038994842,"remaining_time":0.1964330319},
{"learn":[0.04206606684],"iteration":841,"passed_time":1.040033466,"remaining_time":0.1951606741},
{"learn":[0.0420558599],"iteration":842,"passed_time":1.041065138,"remaining_time":0.1938875761},
{"learn":[0.04204065361],"iteration":843,"passed_time":1.042132662,"remaining_time":0.1926216768},
{"learn":[0.04200105183],"iteration":844,"passed_time":1.043248627,"remaining_time":0.1913651327},
{"learn":[0.04199433472],"iteration":845,"passed_time":1.044316958,"remaining_time":0.1901002501},
{"learn":[0.04198001346],"iteration":846,"passed_time":1.045506852,"remaining_time":0.1888577903},
{"learn":[0.04195407492],"iteration":847,"passed_time":1.046930517,"remaining_time":0.1876573569},
{"learn":[0.04195110507],"iteration":848,"passed_time":1.047988458,"remaining_time":0.1863913513},
{"learn":[0.04194680281],"iteration":849,"passed_time":1.049025235,"remaining_time":0.1851221003},
{"learn":[0.04194097796],"iteration":850,"passed_time":1.050106717,"remaining_time":0.1838612232},
{"learn":[0.04193541094],"iteration":851,"passed_time":1.051113774,"remaining_time":0.1825878387},
{"learn":[0.0419310143],"iteration":852,"passed_time":1.052146739,"remaining_time":0.1813195435},
{"learn":[0.04192304962],"iteration":853,"passed_time":1.053508351,"remaining_time":0.180107985},
{"learn":[0.04191771817],"iteration":854,"passed_time":1.054696897,"remaining_time":0.1788667253},
{"learn":[0.04191481058],"iteration":855,"passed_time":1.055671154,"remaining_time":0.1775895399},
{"learn":[0.04191172703],"iteration":856,"passed_time":1.05678114,"remaining_time":0.1763357096},
{"learn":[0.04190793998],"iteration":857,"passed_time":1.057816655,"remaining_time":0.1750698893},
{"learn":[0.04188105167],"iteration":858,"passed_time":1.058868742,"remaining_time":0.1738073256},
{"learn":[0.04186602979],"iteration":859,"passed_time":1.059961896,"remaining_time":0.1725519365},
{"learn":[0.04184220467],"iteration":860,"passed_time":1.061208019,"remaining_time":0.1713216198},
{"learn":[0.04183275454],"iteration":861,"passed_time":1.062505782,"remaining_time":0.1700995336},
{"learn":[0.04182483114],"iteration":862,"passed_time":1.06360363,"remaining_time":0.1688455358},
{"learn":[0.04182295452],"iteration":863,"passed_time":1.064618972,"remaining_time":0.1675789123},
{"learn":[0.0418185185],"iteration":864,"passed_time":1.065686758,"remaining_time":0.1663210547},
{"learn":[0.04175738648],"iteration":865,"passed_time":1.066698904,"remaining_time":0.1650550267},
{"learn":[0.04175361776],"iteration":866,"passed_time":1.067756218,"remaining_time":0.1637965133},
{"learn":[0.04175170789],"iteration":867,"passed_time":1.069023073,"remaining_time":0.1625703291},
{"learn":[0.04174680556],"iteration":868,"passed_time":1.070317296,"remaining_time":0.161348177},
{"learn":[0.04173497357],"iteration":869,"passed_time":1.071421827,"remaining_time":0.1600975144},
{"learn":[0.04169308018],"iteration":870,"passed_time":1.072447503,"remaining_time":0.1588355085},
{"learn":[0.04168798227],"iteration":871,"passed_time":1.073460187,"remaining_time":0.1575721376},
{"learn":[0.041649427],"iteration":872,"passed_time":1.074514403,"remaining_time":0.1563153827},
{"learn":[0.04164649123],"iteration":873,"passed_time":1.075505387,"remaining_time":0.1550499757},
{"learn":[0.04164505575],"iteration":874,"passed_time":1.076805707,"remaining_time":0.1538293867},
{"learn":[0.04163520082],"iteration":875,"passed_time":1.078131207,"remaining_time":0.15261218},
{"learn":[0.04163008825],"iteration":876,"passed_time":1.079176757,"remaining_time":0.1513554631},
{"learn":[0.04159957791],"iteration":877,"passed_time":1.080297952,"remaining_time":0.1501097382},
{"learn":[0.04152234615],"iteration":878,"passed_time":1.081392346,"remaining_time":0.1488606074},
{"learn":[0.04151892189],"iteration":879,"passed_time":1.082488184,"remaining_time":0.1476120252},
{"learn":[0.04151429654],"iteration":880,"passed_time":1.083506695,"remaining_time":0.1463533448},
{"learn":[0.04148742187],"iteration":881,"passed_time":1.084806061,"remaining_time":0.1451327836},
{"learn":[0.04147526628],"iteration":882,"passed_time":1.086003792,"remaining_time":0.1438985772},
{"learn":[0.04147305531],"iteration":883,"passed_time":1.086958872,"remaining_time":0.1426326121},
{"learn":[0.04147053343],"iteration":884,"passed_time":1.088057157,"remaining_time":0.1413859582},
{"learn":[0.0414432617],"iteration":885,"passed_time":1.089122587,"remaining_time":0.1401354119},
{"learn":[0.04144128961],"iteration":886,"passed_time":1.090220968,"remaining_time":0.1388894807},
{"learn":[0.04143652145],"iteration":887,"passed_time":1.091331473,"remaining_time":0.137645411},
{"learn":[0.04143339161],"iteration":888,"passed_time":1.092594204,"remaining_time":0.1364206486},
{"learn":[0.04143141609],"iteration":889,"passed_time":1.09381911,"remaining_time":0.1351911259},
{"learn":[0.04143069915],"iteration":890,"passed_time":1.094856016,"remaining_time":0.1339386148},
{"learn":[0.04136278989],"iteration":891,"passed_time":1.095946557,"remaining_time":0.1326930809},
{"learn":[0.0413590139],"iteration":892,"passed_time":1.096993719,"remaining_time":0.1314426965},
{"learn":[0.04134315878],"iteration":893,"passed_time":1.098064172,"remaining_time":0.1301955283},
{"learn":[0.04133938225],"iteration":894,"passed_time":1.099200939,"remaining_time":0.1289565348},
{"learn":[0.04132098536],"iteration":895,"passed_time":1.100359046,"remaining_time":0.1277202464},
{"learn":[0.04129721245],"iteration":896,"passed_time":1.101529299,"remaining_time":0.1264855271},
{"learn":[0.04128527356],"iteration":897,"passed_time":1.102543792,"remaining_time":0.1252332592},
{"learn":[0.04125727451],"iteration":898,"passed_time":1.103598699,"remaining_time":0.1239860608},
{"learn":[0.04124690235],"iteration":899,"passed_time":1.104668977,"remaining_time":0.1227409974},
{"learn":[0.04123920274],"iteration":900,"passed_time":1.105737799,"remaining_time":0.1214961622},
{"learn":[0.0412352088],"iteration":901,"passed_time":1.106832834,"remaining_time":0.1202545652},
{"learn":[0.04123313646],"iteration":902,"passed_time":1.108186823,"remaining_time":0.1190411095},
{"learn":[0.0412286337],"iteration":903,"passed_time":1.109452784,"remaining_time":0.1178179948},
{"learn":[0.04122560071],"iteration":904,"passed_time":1.110527362,"remaining_time":0.1165746955},
{"learn":[0.04121993336],"iteration":905,"passed_time":1.111589244,"remaining_time":0.1153304514},
{"learn":[0.04120623647],"iteration":906,"passed_time":1.112658657,"remaining_time":0.1140873816},
{"learn":[0.04120357751],"iteration":907,"passed_time":1.113706511,"remaining_time":0.1128425099},
{"learn":[0.04114368816],"iteration":908,"passed_time":1.114785272,"remaining_time":0.1116011658},
{"learn":[0.04113908425],"iteration":909,"passed_time":1.115949533,"remaining_time":0.1103686352},
{"learn":[0.04113392605],"iteration":910,"passed_time":1.117151681,"remaining_time":0.1091399556},
{"learn":[0.04113040139],"iteration":911,"passed_time":1.1181992,"remaining_time":0.1078964141},
{"learn":[0.04112029529],"iteration":912,"passed_time":1.119253113,"remaining_time":0.1066539111},
{"learn":[0.04111658195],"iteration":913,"passed_time":1.120312185,"remaining_time":0.1054123063},
{"learn":[0.04110950983],"iteration":914,"passed_time":1.121395232,"remaining_time":0.1041733276},
{"learn":[0.04110576516],"iteration":915,"passed_time":1.122436071,"remaining_time":0.1029308187},
{"learn":[0.04109687163],"iteration":916,"passed_time":1.123595965,"remaining_time":0.1016995257},
{"learn":[0.04107457546],"iteration":917,"passed_time":1.124813429,"remaining_time":0.1004735307},
{"learn":[0.04107175973],"iteration":918,"passed_time":1.125835831,"remaining_time":0.09923036158},
{"learn":[0.04102580316],"iteration":919,"passed_time":1.12695486,"remaining_time":0.09799607474},
{"learn":[0.04100888065],"iteration":920,"passed_time":1.128022335,"remaining_time":0.09675761611},
{"learn":[0.04099351088],"iteration":921,"passed_time":1.129098832,"remaining_time":0.09552029162},
{"learn":[0.04098219273],"iteration":922,"passed_time":1.130146574,"remaining_time":0.09428091682},
{"learn":[0.04097485818],"iteration":923,"passed_time":1.131364108,"remaining_time":0.09305592229},
{"learn":[0.04097109159],"iteration":924,"passed_time":1.132435994,"remaining_time":0.09181913468},
{"learn":[0.04096806036],"iteration":925,"passed_time":1.133538617,"remaining_time":0.09058515942},
{"learn":[0.0409624462],"iteration":926,"passed_time":1.134583716,"remaining_time":0.08934693773},
{"learn":[0.04095894921],"iteration":927,"passed_time":1.135688657,"remaining_time":0.08811377508},
{"learn":[0.0409468428],"iteration":928,"passed_time":1.136811653,"remaining_time":0.08688226842},
{"learn":[0.04092315754],"iteration":929,"passed_time":1.137860798,"remaining_time":0.08564543643},
{"learn":[0.04090964016],"iteration":930,"passed_time":1.139309155,"remaining_time":0.08443859473},
{"learn":[0.04090299695],"iteration":931,"passed_time":1.14100568,"remaining_time":0.08324934146},
{"learn":[0.04089891738],"iteration":932,"passed_time":1.142193008,"remaining_time":0.08202243468},
{"learn":[0.04089246564],"iteration":933,"passed_time":1.143350038,"remaining_time":0.08079347162},
{"learn":[0.04088887325],"iteration":934,"passed_time":1.144401406,"remaining_time":0.07955731697},
{"learn":[0.04088407774],"iteration":935,"passed_time":1.145463069,"remaining_time":0.07832226111},
{"learn":[0.04087660611],"iteration":936,"passed_time":1.146677802,"remaining_time":0.07709786716},
{"learn":[0.04085720974],"iteration":937,"passed_time":1.148434601,"remaining_time":0.07590932332},
{"learn":[0.04085223058],"iteration":938,"passed_time":1.149664733,"remaining_time":0.0746853554},
{"learn":[0.04082656594],"iteration":939,"passed_time":1.1508644,"remaining_time":0.07345942976},
{"learn":[0.04081944185],"iteration":940,"passed_time":1.151969647,"remaining_time":0.07222763994},
{"learn":[0.04081645276],"iteration":941,"passed_time":1.153034279,"remaining_time":0.07099361805},
{"learn":[0.0408142094],"iteration":942,"passed_time":1.154191185,"remaining_time":0.06976553292},
{"learn":[0.04080136472],"iteration":943,"passed_time":1.155336205,"remaining_time":0.06853689351},
{"learn":[0.04078195649],"iteration":944,"passed_time":1.156598069,"remaining_time":0.06731523151},
{"learn":[0.04076606953],"iteration":945,"passed_time":1.157715025,"remaining_time":0.06608521286},
{"learn":[0.04075936424],"iteration":946,"passed_time":1.158722809,"remaining_time":0.064849323},
{"learn":[0.04075014551],"iteration":947,"passed_time":1.159816113,"remaining_time":0.06361860536},
{"learn":[0.04074029111],"iteration":948,"passed_time":1.160830326,"remaining_time":0.06238392689},
{"learn":[0.04068866007],"iteration":949,"passed_time":1.161886184,"remaining_time":0.06115190444},
{"learn":[0.04068243872],"iteration":950,"passed_time":1.163149099,"remaining_time":0.059930921},
{"learn":[0.04067873223],"iteration":951,"passed_time":1.164384515,"remaining_time":0.05870846295},
{"learn":[0.04065822811],"iteration":952,"passed_time":1.165441333,"remaining_time":0.05747716962},
{"learn":[0.04065592856],"iteration":953,"passed_time":1.166477165,"remaining_time":0.0562452302},
{"learn":[0.04065395773],"iteration":954,"passed_time":1.167519331,"remaining_time":0.05501399989},
{"learn":[0.04065239222],"iteration":955,"passed_time":1.168534263,"remaining_time":0.05378191167},
{"learn":[0.04063137997],"iteration":956,"passed_time":1.169679329,"remaining_time":0.05255612448},
{"learn":[0.04062911639],"iteration":957,"passed_time":1.171364751,"remaining_time":0.05135419578},
{"learn":[0.04062469377],"iteration":958,"passed_time":1.172719817,"remaining_time":0.05013713504},
{"learn":[0.04060172627],"iteration":959,"passed_time":1.174048346,"remaining_time":0.04891868109},
{"learn":[0.04058494421],"iteration":960,"passed_time":1.175124323,"remaining_time":0.04768974881},
{"learn":[0.04058091343],"iteration":961,"passed_time":1.176274577,"remaining_time":0.04646406852},
{"learn":[0.04057596741],"iteration":962,"passed_time":1.177334959,"remaining_time":0.0452350919},
{"learn":[0.04057068662],"iteration":963,"passed_time":1.178441535,"remaining_time":0.04400819012},
{"learn":[0.04056328174],"iteration":964,"passed_time":1.17982343,"remaining_time":0.04279152338},
{"learn":[0.04055997101],"iteration":965,"passed_time":1.181042107,"remaining_time":0.04156876981},
{"learn":[0.04055639302],"iteration":966,"passed_time":1.182103843,"remaining_time":0.0403406689},
{"learn":[0.04053559198],"iteration":967,"passed_time":1.183172328,"remaining_time":0.03911313482},
{"learn":[0.04053321641],"iteration":968,"passed_time":1.184161035,"remaining_time":0.03788337675},
{"learn":[0.04050951142],"iteration":969,"passed_time":1.185194107,"remaining_time":0.03665548786},
{"learn":[0.04050279137],"iteration":970,"passed_time":1.186412105,"remaining_time":0.03543352322},
{"learn":[0.04050142084],"iteration":971,"passed_time":1.187537484,"remaining_time":0.03420889873},
{"learn":[0.04049090369],"iteration":972,"passed_time":1.18879009,"remaining_time":0.03298800865},
{"learn":[0.04046661519],"iteration":973,"passed_time":1.189773219,"remaining_time":0.03175986005},
{"learn":[0.04045908754],"iteration":974,"passed_time":1.190832496,"remaining_time":0.03053416656},
{"learn":[0.04045814982],"iteration":975,"passed_time":1.191845493,"remaining_time":0.02930767607},
{"learn":[0.04045456712],"iteration":976,"passed_time":1.192895105,"remaining_time":0.02808248455},
{"learn":[0.04044991271],"iteration":977,"passed_time":1.194840197,"remaining_time":0.02687779585},
{"learn":[0.04044745839],"iteration":978,"passed_time":1.196185009,"remaining_time":0.02565871828},
{"learn":[0.04044113669],"iteration":979,"passed_time":1.197485399,"remaining_time":0.02443847753},
{"learn":[0.04043676142],"iteration":980,"passed_time":1.19876381,"remaining_time":0.02321764769},
{"learn":[0.04042271335],"iteration":981,"passed_time":1.199822602,"remaining_time":0.02199267498},
{"learn":[0.04041814969],"iteration":982,"passed_time":1.200863071,"remaining_time":0.02076772351},
{"learn":[0.04041356615],"iteration":983,"passed_time":1.202324204,"remaining_time":0.01954998706},
{"learn":[0.04040768713],"iteration":984,"passed_time":1.203997047,"remaining_time":0.01833498042},
{"learn":[0.04039883952],"iteration":985,"passed_time":1.205343791,"remaining_time":0.01711441488},
{"learn":[0.04038435972],"iteration":986,"passed_time":1.206696389,"remaining_time":0.01589367077},
{"learn":[0.04038131523],"iteration":987,"passed_time":1.20787743,"remaining_time":0.01467057608},
{"learn":[0.04037897785],"iteration":988,"passed_time":1.209057441,"remaining_time":0.01344755496},
{"learn":[0.0403762441],"iteration":989,"passed_time":1.210443604,"remaining_time":0.01222670307},
{"learn":[0.04037347062],"iteration":990,"passed_time":1.211926527,"remaining_time":0.01100639631},
{"learn":[0.04037120597],"iteration":991,"passed_time":1.213102101,"remaining_time":0.009783081457},
{"learn":[0.04036073372],"iteration":992,"passed_time":1.214288065,"remaining_time":0.008559936004},
{"learn":[0.04033647131],"iteration":993,"passed_time":1.215606536,"remaining_time":0.007337665207},
{"learn":[0.04033544415],"iteration":994,"passed_time":1.216985418,"remaining_time":0.006115504614},
{"learn":[0.04032543138],"iteration":995,"passed_time":1.218459763,"remaining_time":0.004893412704},
{"learn":[0.04031451474],"iteration":996,"passed_time":1.220047199,"remaining_time":0.003671155062},
{"learn":[0.04030292221],"iteration":997,"passed_time":1.221133876,"remaining_time":0.002447162076},
{"learn":[0.04029787775],"iteration":998,"passed_time":1.22212931,"remaining_time":0.001223352662},
{"learn":[0.0402843066],"iteration":999,"passed_time":1.22329826,"remaining_time":0}
]}